Thailand (1),Singapore (2),1,2616,Tigerair
(Suvarnabhumi International Airport),(Changi Airport),2,2301,Tigerair
,,3,2190,Tigerair
,,4,2190,Tigerair
,,5,1990,Tigerair
,,6,1990,Tigerair
,,7,3182,Jetstar
,,8,1990,Tigerair
,,9,1990,Tigerair
,,10,2082,Jetstar
,,11,2430,Tigerair
,,12,1990,Tigerair
,,13,1990,Tigerair
,,14,1990,Tigerair
,,15,1990,Tigerair
Thailand (1),Malaysia (3),1,4390,Malaysia Airline
(Suvarnabhumi International Airport),(Kuala Lumpur International Airport ),2,4430,Malaysia Airline
,,3,4390,Malaysia Airline
,,4,4390,Malaysia Airline
,,5,4390,Malaysia Airline
,,6,4390,Malaysia Airline
,,7,4430,Malaysia Airline
,,8,4390,Malaysia Airline
,,9,4390,Malaysia Airline
,,10,4390,Malaysia Airline
,,11,4390,Malaysia Airline
,,12,4390,Malaysia Airline
,,13,4390,Malaysia Airline
,,14,4390,Malaysia Airline
,,15,4390,Malaysia Airline
Thailand (1),Japan (4),1,17110,Bangkok Airways
(Suvarnabhumi International Airport),(Narita International Airport),2,16958,Bangkok Airways
,,3,16958,Bangkok Airways
,,4,17110,Bangkok Airways
,,5,17110,Bangkok Airways
,,6,17110,Bangkok Airways
,,7,17110,Bangkok Airways
,,8,17110,Bangkok Airways
,,9,17110,Bangkok Airways
,,10,17110,Bangkok Airways
,,11,17110,Bangkok Airways
,,12,16958,Bangkok Airways
,,13,16958,Bangkok Airways
,,14,16958,Bangkok Airways
,,15,16958,Bangkok Airways
Thailand (1),South Korea  (5),1,9295,Jin Air
(Suvarnabhumi International Airport),(Incheon International Airport),2,9295,Jin Air
,,3,9295,Jin Air
,,4,9295,Jin Air
,,5,9295,Jin Air
,,6,9295,Jin Air
,,7,9548,Asiana Airlines
,,8,9548,Asiana Airlines
,,9,9548,Asiana Airlines
,,10,9548,Asiana Airlines
,,11,9548,Asiana Airlines
,,12,9548,Asiana Airlines
,,13,9548,Asiana Airlines
,,14,9548,Asiana Airlines
,,15,9548,Asiana Airlines
Thailand (1),China  (6),1,11213,Air China
(Suvarnabhumi International Airport),(Beijing Capital International Airport),2,11213,Air China
,,3,11892,Air China
,,4,11892,Air China
,,5,11835,Air China
,,6,11835,Air China
,,7,11835,Air China
,,8,11213,Air China
,,9,11892,Air China
,,10,11892,Air China
,,11,11892,Air China
,,12,11835,Air China
,,13,11892,Air China
,,14,11213,Air China
,,15,11213,Air China
Thailand (1),Hong kong  (7),1,4871,Hong Kong Airlines
(Suvarnabhumi International Airport),(Hong kong International Airport),2,4871,Hong Kong Airlines
,,3,4697,Hong Kong Airlines
,,4,4697,Hong Kong Airlines
,,5,4697,Hong Kong Airlines
,,6,4697,Hong Kong Airlines
,,7,4697,Hong Kong Airlines
,,8,4697,Hong Kong Airlines
,,9,4697,Hong Kong Airlines
,,10,4697,Hong Kong Airlines
,,11,4697,Hong Kong Airlines
,,12,4697,Hong Kong Airlines
,,13,4697,Hong Kong Airlines
,,14,4697,Hong Kong Airlines
,,15,4697,Hong Kong Airlines
Thailand (1),Australia (8),1,11316,Emirates
(Suvarnabhumi International Airport),(Sydney International Airport ),2,11316,Emirates
,,3,11316,Emirates
,,4,12457,Qantas
,,5,12457,Qantas
,,6,12457,Qantas
,,7,11908,Emirates
,,8,11908,Emirates
,,9,11908,Emirates
,,10,11908,Emirates
,,11,11908,Emirates
,,12,11908,Emirates
,,13,12457,Qantas
,,14,12457,Qantas
,,15,12457,Qantas
Thailand (1),United States of America  (9),1,No flights,No flights
(Suvarnabhumi International Airport),(JFK International Airport),2,No flights,No flights
,,3,No flights,No flights
,,4,No flights,No flights
,,5,No flights,No flights
,,6,No flights,No flights
,,7,No flights,No flights
,,8,No flights,No flights
,,9,No flights,No flights
,,10,No flights,No flights
,,11,No flights,No flights
,,12,No flights,No flights
,,13,No flights,No flights
,,14,No flights,No flights
,,15,No flights,No flights
Thailand (1),United Kingdom  (10),1,21979,Thai Airways
(Suvarnabhumi International Airport),(London Heathrow Airport),2,22546,British Airways
,,3,22546,British Airways
,,4,21979,Thai Airways
,,5,21979,Thai Airways
,,6,21979,Thai Airways
,,7,22546,British Airways
,,8,22780,British Airways
,,9,22780,British Airways
,,10,22780,British Airways
,,11,22546,British Airways
,,12,22546,British Airways
,,13,22546,British Airways
,,14,22546,British Airways
,,15,21979,Thai Airways
Thailand (1),France (11),1,27360,Thai Airways
(Suvarnabhumi International Airport),(Charles de Gaulle Airport),2,27360,Thai Airways
,,3,26941,Thai Airways
,,4,26941,Thai Airways
,,5,26941,Thai Airways
,,6,26941,Thai Airways
,,7,26941,Thai Airways
,,8,26941,Thai Airways
,,9,26941,Thai Airways
,,10,26941,Thai Airways
,,11,26941,Thai Airways
,,12,26941,Thai Airways
,,13,26941,Thai Airways
,,14,27150,Thai Airways
,,15,27150,Thai Airways
Thailand (1),Italy (12),1,26360,Thai Airways
(Suvarnabhumi International Airport),(Leonardo da Vinci Airport),2,26178,Thai Airways
,,3,26178,Thai Airways
,,4,26360,Thai Airways
,,5,26981,Thai Airways
,,6,26981,Thai Airways
,,7,26360,Thai Airways
,,8,26981,Thai Airways
,,9,27439,Thai Airways
,,10,26981,Thai Airways
,,11,26981,Thai Airways
,,12,26360,Thai Airways
,,13,26360,Thai Airways
,,14,27439,Thai Airways
,,15,26981,Thai Airways
Thailand (1),Germany (13),1,22960,Thai Airways
(Suvarnabhumi International Airport),(Frankfurt Airport),2,22960,Thai Airways
,,3,22960,Thai Airways
,,4,22960,Thai Airways
,,5,21834,Thai Airways
,,6,22960,Thai Airways
,,7,21834,Thai Airways
,,8,21834,Thai Airways
,,9,23486,Thai Airways
,,10,23486,Thai Airways
,,11,22960,Thai Airways
,,12,22960,Thai Airways
,,13,23124,Thai Airways
,,14,23486,Thai Airways
,,15,23486,Thai Airways
Thailand (1),Spain (14),1,No flights,No flights
(Suvarnabhumi International Airport),(Madrid-Barajas Airport),2,No flights,No flights
,,3,No flights,No flights
,,4,No flights,No flights
,,5,No flights,No flights
,,6,No flights,No flights
,,7,No flights,No flights
,,8,No flights,No flights
,,9,No flights,No flights
,,10,No flights,No flights
,,11,No flights,No flights
,,12,No flights,No flights
,,13,No flights,No flights
,,14,No flights,No flights
,,15,No flights,No flights
Thailand (1),New Zealand (15),1,No flights,No flights
(Suvarnabhumi International Airport),(Auckland Airport),2,No flights,No flights
,,3,No flights,No flights
,,4,No flights,No flights
,,5,No flights,No flights
,,6,No flights,No flights
,,7,No flights,No flights
,,8,No flights,No flights
,,9,No flights,No flights
,,10,No flights,No flights
,,11,No flights,No flights
,,12,No flights,No flights
,,13,No flights,No flights
,,14,No flights,No flights
,,15,No flights,No flights
Singapore (2),Thailand (1),1,1859,Tigerair
(Changi Airport),(Suvarnabhumi International Airport),2,1859,Tigerair
,,3,1859,Tigerair
,,4,1918,Tigerair
,,5,1859,Tigerair
,,6,1859,Tigerair
,,7,1859,Tigerair
,,8,1859,Tigerair
,,9,1859,Tigerair
,,10,2444,Jetstar
,,11,1918,Tigerair
,,12,1859,Tigerair
,,13,1859,Tigerair
,,14,1859,Tigerair
,,15,1918,Tigerair
Singapore (2),Malaysia (3),1,1102,Jetstar
(Changi Airport),(Kuala Lumpur International Airport ),2,1102,Jetstar
,,3,1102,Jetstar
,,4,1063,Tigerair
,,5,1063,Tigerair
,,6,1102,Jetstar
,,7,1102,Jetstar
,,8,1102,Jetstar
,,9,1102,Jetstar
,,10,1102,Jetstar
,,11,1063,Tigerair
,,12,1063,Tigerair
,,13,1102,Jetstar
,,14,1063,Tigerair
,,15,1102,Jetstar
Singapore (2),Japan (4),1,7732,Delta
(Changi Airport),(Narita International Airport),2,7729,Delta
,,3,7729,Delta
,,4,7729,Delta
,,5,7729,Delta
,,6,8432,Delta
,,7,11248,Delta
,,8,8432,Delta
,,9,12422,Delta
,,10,9137,Delta
,,11,12436,Delta
,,12,8432,Delta
,,13,8432,Delta
,,14,8432,Delta
,,15,8432,Delta
Singapore (2),South Korea  (5),1,16747,Asiana Airlines
(Changi Airport),(Incheon International Airport),2,16750,Asiana Airlines
,,3,16747,Asiana Airlines
,,4,16747,Asiana Airlines
,,5,16747,Asiana Airlines
,,6,16747,Asiana Airlines
,,7,16386,Asiana Airlines
,,8,16750,Asiana Airlines
,,9,16747,Asiana Airlines
,,10,16386,Asiana Airlines
,,11,16747,Asiana Airlines
,,12,16750,Asiana Airlines
,,13,16747,Asiana Airlines
,,14,16747,Asiana Airlines
,,15,16747,Asiana Airlines
Singapore (2),China  (6),1,11192,Air China
(Changi Airport),(Beijing Capital International Airport),2,11192,Air China
,,3,11192,Air China
,,4,11192,Air China
,,5,12035,Air China
,,6,12035,Air China
,,7,12035,Air China
,,8,12035,Air China
,,9,12035,Air China
,,10,12035,Air China
,,11,12035,Air China
,,12,12035,Air China
,,13,12035,Air China
,,14,12035,Air China
,,15,12035,Air China
Singapore (2),Hong kong  (7),1,3006,Jetstar
(Changi Airport),(Hong kong International Airport),2,2628,Tigerair
,,3,2514,Tigerair
,,4,2465,Tigerair
,,5,2514,Tigerair
,,6,3566,Jetstar
,,7,2462,Tigerair
,,8,2628,Tigerair
,,9,3039,Jetstar
,,10,2796,Tigerair
,,11,3039,Jetstar
,,12,3188,Tigerair
,,13,3039,Jetstar
,,14,2628,Tigerair
,,15,2514,Tigerair
Singapore (2),Australia (8),1,5031,Scoot
(Changi Airport),(Sydney International Airport ),2,5375,Scoot
,,3,5636,Scoot
,,4,5593,Scoot
,,5,6572,Scoot
,,6,7508,Scoot
,,7,7508,Scoot
,,8,7508,Scoot
,,9,5593,Scoot
,,10,5593,Scoot
,,11,5593,Scoot
,,12,5593,Scoot
,,13,5593,Scoot
,,14,7865,Scoot
,,15,6311,Scoot
Singapore (2),United States of America  (9),1,No flights,No flights
(Changi Airport),(JFK International Airport),2,No flights,No flights
,,3,No flights,No flights
,,4,No flights,No flights
,,5,No flights,No flights
,,6,No flights,No flights
,,7,No flights,No flights
,,8,No flights,No flights
,,9,No flights,No flights
,,10,No flights,No flights
,,11,No flights,No flights
,,12,No flights,No flights
,,13,No flights,No flights
,,14,No flights,No flights
,,15,No flights,No flights
Singapore (2),United Kingdom  (10),1,31668,British Airways
(Changi Airport),(London Heathrow Airport),2,31668,British Airways
,,3,31668,British Airways
,,4,31668,British Airways
,,5,31668,British Airways
,,6,31668,British Airways
,,7,31668,British Airways
,,8,31668,British Airways
,,9,31668,British Airways
,,10,31668,British Airways
,,11,31668,British Airways
,,12,31668,British Airways
,,13,31895,British Airways
,,14,31668,British Airways
,,15,31668,British Airways
Singapore (2),France (11),1,45137,Singapore Airlines
(Changi Airport),(Charles de Gaulle Airport),2,45137,Singapore Airlines
,,3,45137,Singapore Airlines
,,4,45137,Singapore Airlines
,,5,45137,Singapore Airlines
,,6,45137,Singapore Airlines
,,7,45137,Singapore Airlines
,,8,45512,Singapore Airlines
,,9,45137,Singapore Airlines
,,10,45137,Singapore Airlines
,,11,45512,Singapore Airlines
,,12,45137,Singapore Airlines
,,13,45137,Singapore Airlines
,,14,45512,Singapore Airlines
,,15,45137,Singapore Airlines
Singapore (2),Italy (12),1,45137,Singapore Airlines
(Changi Airport),(Leonardo da Vinci Airport),2,45156,Singapore Airlines
,,3,45156,Singapore Airlines
,,4,45156,Singapore Airlines
,,5,45156,Singapore Airlines
,,6,45156,Singapore Airlines
,,7,45156,Singapore Airlines
,,8,45533,Singapore Airlines
,,9,45156,Singapore Airlines
,,10,45533,Singapore Airlines
,,11,45533,Singapore Airlines
,,12,45156,Singapore Airlines
,,13,45156,Singapore Airlines
,,14,45156,Singapore Airlines
,,15,45156,Singapore Airlines
Singapore (2),Germany (13),1,47471,Lufthansa
(Changi Airport),(Frankfurt Airport),2,47471,Lufthansa
,,3,47471,Lufthansa
,,4,47471,Lufthansa
,,5,47471,Lufthansa
,,6,47471,Lufthansa
,,7,47471,Lufthansa
,,8,47471,Lufthansa
,,9,47471,Lufthansa
,,10,47471,Lufthansa
,,11,48408,Lufthansa
,,12,48408,Lufthansa
,,13,48408,Lufthansa
,,14,48408,Lufthansa
,,15,48408,Lufthansa
Singapore (2),Spain (14),1,No flights,No flights
(Changi Airport),(Madrid-Barajas Airport),2,No flights,No flights
,,3,No flights,No flights
,,4,No flights,No flights
,,5,No flights,No flights
,,6,No flights,No flights
,,7,No flights,No flights
,,8,No flights,No flights
,,9,No flights,No flights
,,10,No flights,No flights
,,11,No flights,No flights
,,12,No flights,No flights
,,13,No flights,No flights
,,14,No flights,No flights
,,15,No flights,No flights
Singapore (2),New Zealand (15),1,40055,Singapore Airlines
(Changi Airport),(Auckland Airport),2,40055,Singapore Airlines
,,3,40055,Singapore Airlines
,,4,40055,Singapore Airlines
,,5,34549,Air New Zealand
,,6,34549,Air New Zealand
,,7,40064,Singapore Airlines
,,8,40064,Singapore Airlines
,,9,34549,Air New Zealand
,,10,34549,Air New Zealand
,,11,34549,Air New Zealand
,,12,32034,Air New Zealand
,,13,32034,Air New Zealand
,,14,32034,Air New Zealand
,,15,32034,Air New Zealand
Malaysia (3),Thailand (1),1,3431,Malaysia Airline
(Kuala Lumpur International Airport ),(Suvarnabhumi International Airport),2,3431,Malaysia Airline
,,3,3431,Malaysia Airline
,,4,3431,Malaysia Airline
,,5,3431,Malaysia Airline
,,6,3431,Malaysia Airline
,,7,3431,Malaysia Airline
,,8,3431,Malaysia Airline
,,9,3431,Malaysia Airline
,,10,3453,Malaysia Airline
,,11,3431,Malaysia Airline
,,12,3431,Malaysia Airline
,,13,3453,Malaysia Airline
,,14,3431,Malaysia Airline
,,15,3431,Malaysia Airline
Malaysia (3),Singapore (2),1,580,Jetstar
(Kuala Lumpur International Airport ),(Changi Airport),2,580,Jetstar
,,3,580,Jetstar
,,4,580,Jetstar
,,5,598,Jetstar
,,6,598,Jetstar
,,7,580,Jetstar
,,8,580,Jetstar
,,9,598,Jetstar
,,10,598,Jetstar
,,11,580,Jetstar
,,12,580,Jetstar
,,13,598,Jetstar
,,14,598,Jetstar
,,15,650,Jetstar
Malaysia (3),Japan (4),1,3853,Air Asia
(Kuala Lumpur International Airport ),(Narita International Airport),2,3853,Air Asia
,,3,3967,Air Asia
,,4,3853,Air Asia
,,5,3967,Air Asia
,,6,4571,Air Asia
,,7,3967,Air Asia
,,8,3853,Air Asia
,,9,4571,Air Asia
,,10,4571,Air Asia
,,11,9053,Air Asia
,,12,4741,Air Asia
,,13,4741,Air Asia
,,14,4741,Air Asia
,,15,6359,Air Asia
Malaysia (3),South Korea  (5),1,4571,Air Asia
(Kuala Lumpur International Airport ),(Incheon International Airport),2,4571,Air Asia
,,3,4200,Air Asia
,,4,4571,Air Asia
,,5,4571,Air Asia
,,6,5107,Air Asia
,,7,4571,Air Asia
,,8,4571,Air Asia
,,9,5999,Air Asia
,,10,6119,Air Asia
,,11,4866,Air Asia
,,12,4571,Air Asia
,,13,4741,Air Asia
,,14,4571,Air Asia
,,15,4571,Air Asia
Malaysia (3),China  (6),1,6359,Air Asia
(Kuala Lumpur International Airport ),(Beijing Capital International Airport),2,4571,Air Asia
,,3,4571,Air Asia
,,4,4571,Air Asia
,,5,4571,Air Asia
,,6,4571,Air Asia
,,7,7254,Air Asia
,,8,5465,Air Asia
,,9,4369,Air Asia
,,10,4369,Air Asia
,,11,5465,Air Asia
,,12,5514,Air Asia
,,13,5465,Air Asia
,,14,4571,Air Asia
,,15,4369,Air Asia
Malaysia (3),Hong kong  (7),1,1494,Air Asia
(Kuala Lumpur International Airport ),(Hong kong International Airport),2,1495,Air Asia
,,3,1494,Air Asia
,,4,1494,Air Asia
,,5,2388,Air Asia
,,6,4696,Air Asia
,,7,6592,Air Asia
,,8,2847,Air Asia
,,9,2654,Air Asia
,,10,2549,Air Asia
,,11,2654,Air Asia
,,12,2388,Air Asia
,,13,3447,Air Asia
,,14,2388,Air Asia
,,15,2388,Air Asia
Malaysia (3),Australia (8),1,5107,Air Asia
(Kuala Lumpur International Airport ),(Sydney International Airport ),2,5107,Air Asia
,,3,5107,Air Asia
,,4,5107,Air Asia
,,5,6538,Air Asia
,,6,7658,Air Asia
,,7,6359,Air Asia
,,8,5509,Air Asia
,,9,5509,Air Asia
,,10,5280,Air Asia
,,11,5280,Air Asia
,,12,5107,Air Asia
,,13,5107,Air Asia
,,14,5107,Air Asia
,,15,5107,Air Asia
Malaysia (3),United States of America  (9),1,No flights,No flights
(Kuala Lumpur International Airport ),(JFK International Airport),2,No flights,No flights
,,3,No flights,No flights
,,4,No flights,No flights
,,5,No flights,No flights
,,6,No flights,No flights
,,7,No flights,No flights
,,8,No flights,No flights
,,9,No flights,No flights
,,10,No flights,No flights
,,11,No flights,No flights
,,12,No flights,No flights
,,13,No flights,No flights
,,14,No flights,No flights
,,15,No flights,No flights
Malaysia (3),United Kingdom  (10),1,18664,British Airways
(Kuala Lumpur International Airport ),(London Heathrow Airport),2,18664,British Airways
,,3,18664,British Airways
,,4,18664,British Airways
,,5,18664,British Airways
,,6,18664,British Airways
,,7,18664,British Airways
,,8,18664,British Airways
,,9,18664,British Airways
,,10,18664,British Airways
,,11,18728,British Airways
,,12,18728,British Airways
,,13,23379,British Airways
,,14,18664,British Airways
,,15,18664,British Airways
Malaysia (3),France (11),1,23048,Malaysia Airline
(Kuala Lumpur International Airport ),(Charles de Gaulle Airport),2,23048,Malaysia Airline
,,3,23048,Malaysia Airline
,,4,23048,Malaysia Airline
,,5,21528,Malaysia Airline
,,6,23048,Malaysia Airline
,,7,23048,Malaysia Airline
,,8,23048,Malaysia Airline
,,9,23048,Malaysia Airline
,,10,23048,Malaysia Airline
,,11,23434,Malaysia Airline
,,12,23434,Malaysia Airline
,,13,23048,Malaysia Airline
,,14,23048,Malaysia Airline
,,15,23434,Malaysia Airline
Malaysia (3),Italy (12),1,No flights,No flights
(Kuala Lumpur International Airport ),(Leonardo da Vinci Airport),2,No flights,No flights
,,3,No flights,No flights
,,4,No flights,No flights
,,5,No flights,No flights
,,6,No flights,No flights
,,7,No flights,No flights
,,8,No flights,No flights
,,9,No flights,No flights
,,10,No flights,No flights
,,11,No flights,No flights
,,12,No flights,No flights
,,13,No flights,No flights
,,14,No flights,No flights
,,15,No flights,No flights
Malaysia (3),Germany (13),1,20960,Lufthansa
(Kuala Lumpur International Airport ),(Frankfurt Airport),2,22458,Lufthansa
,,3,23926,Lufthansa
,,4,20960,Lufthansa
,,5,23926,Lufthansa
,,6,23926,Lufthansa
,,7,23926,Lufthansa
,,8,23926,Lufthansa
,,9,23926,Lufthansa
,,10,23926,Lufthansa
,,11,23926,Lufthansa
,,12,23926,Lufthansa
,,13,23926,Lufthansa
,,14,20960,Lufthansa
,,15,20960,Lufthansa
Malaysia (3),Spain (14),1,No flights,No flights
(Kuala Lumpur International Airport ),(Madrid-Barajas Airport),2,No flights,No flights
,,3,No flights,No flights
,,4,No flights,No flights
,,5,No flights,No flights
,,6,No flights,No flights
,,7,No flights,No flights
,,8,No flights,No flights
,,9,No flights,No flights
,,10,No flights,No flights
,,11,No flights,No flights
,,12,No flights,No flights
,,13,No flights,No flights
,,14,No flights,No flights
,,15,No flights,No flights
Malaysia (3),New Zealand (15),1,27668,Malaysia Airline
(Kuala Lumpur International Airport ),(Auckland Airport),2,27668,Malaysia Airline
,,3,27668,Malaysia Airline
,,4,27668,Malaysia Airline
,,5,27674,Malaysia Airline
,,6,32029,Malaysia Airline
,,7,48703,Malaysia Airline
,,8,27259,Malaysia Airline
,,9,27674,Malaysia Airline
,,10,27674,Malaysia Airline
,,11,27674,Malaysia Airline
,,12,27674,Malaysia Airline
,,13,27674,Malaysia Airline
,,14,27674,Malaysia Airline
,,15,27674,Malaysia Airline
Japan (4),Thailand (1),1,17710,Japan Airlines
(Narita International Airport),(Suvarnabhumi International Airport),2,17710,Japan Airlines
,,3,17368,Japan Airlines
,,4,18747,Japan Airlines
,,5,17608,Japan Airlines
,,6,18933,Japan Airlines
,,7,19007,Japan Airlines
,,8,18993,Japan Airlines
,,9,19005,Japan Airlines
,,10,17608,Japan Airlines
,,11,18993,Japan Airlines
,,12,18993,Japan Airlines
,,13,17608,Japan Airlines
,,14,18993,Japan Airlines
,,15,18993,Japan Airlines
Japan (4),Singapore (2),1,16575,Japan Airlines
(Narita International Airport),(Changi Airport),2,16575,Japan Airlines
,,3,16575,Japan Airlines
,,4,16575,Japan Airlines
,,5,17850,Japan Airlines
,,6,17850,Japan Airlines
,,7,17850,Japan Airlines
,,8,17850,Japan Airlines
,,9,17850,Japan Airlines
,,10,19699,Japan Airlines
,,11,17850,Japan Airlines
,,12,17850,Japan Airlines
,,13,17850,Japan Airlines
,,14,17850,Japan Airlines
,,15,17850,Japan Airlines
Japan (4),Malaysia (3),1,4470,Air Asia
(Narita International Airport),(Kuala Lumpur International Airport ),2,4319,Air Asia
,,3,4319,Air Asia
,,4,4319,Air Asia
,,5,4319,Air Asia
,,6,5413,Air Asia
,,7,5413,Air Asia
,,8,4387,Air Asia
,,9,5019,Air Asia
,,10,5019,Air Asia
,,11,5413,Air Asia
,,12,4965,Air Asia
,,13,5001,Air Asia
,,14,5409,Air Asia
,,15,5409,Air Asia
Japan (4),South Korea  (5),1,3200,Eastar Jet
(Narita International Airport),(Incheon International Airport),2,2784,Eastar Jet
,,3,3200,Eastar Jet
,,4,2784,Eastar Jet
,,5,3200,Eastar Jet
,,6,2784,Eastar Jet
,,7,3200,Eastar Jet
,,8,2784,Eastar Jet
,,9,4226,Eastar Jet
,,10,4226,Eastar Jet
,,11,4226,Eastar Jet
,,12,2784,Eastar Jet
,,13,2784,Eastar Jet
,,14,3200,Eastar Jet
,,15,2784,Eastar Jet
Japan (4),China  (6),1,13700,Air China
(Narita International Airport),(Beijing Capital International Airport),2,13700,Air China
,,3,13700,Air China
,,4,13700,Air China
,,5,13700,Air China
,,6,13903,Air China
,,7,16439,Japan Airlines
,,8,16439,Japan Airlines
,,9,15700,Air China
,,10,16157,Japan Airlines
,,11,13700,Air China
,,12,13700,Air China
,,13,13700,Air China
,,14,13700,Air China
,,15,13783,Air China
Japan (4),Hong kong  (7),1,3494,Hongkong Express
(Narita International Airport),(Hong kong International Airport),2,2904,Jetstar
,,3,3494,Hongkong Express
,,4,3423,Hongkong Express
,,5,4133,Hongkong Express
,,6,3423,Hongkong Express
,,7,3702,Hongkong Express
,,8,4119,Hongkong Express
,,9,4119,Hongkong Express
,,10,3916,Hongkong Express
,,11,3702,Hongkong Express
,,12,3702,Hongkong Express
,,13,3494,Hongkong Express
,,14,3494,Hongkong Express
,,15,3494,Hongkong Express
Japan (4),Australia (8),1,36246,Qantas
(Narita International Airport),(Sydney International Airport ),2,36246,Qantas
,,3,36246,Qantas
,,4,36246,Qantas
,,5,36246,Qantas
,,6,36246,Qantas
,,7,40598,Qantas
,,8,42564,Qantas
,,9,40516,Qantas
,,10,36262,Qantas
,,11,36262,Qantas
,,12,36262,Qantas
,,13,36472,Qantas
,,14,36262,Qantas
,,15,36262,Qantas
Japan (4),United States of America  (9),1,23128,United Airlines
(Narita International Airport),(JFK International Airport),2,23128,United Airlines
,,3,23128,United Airlines
,,4,23128,United Airlines
,,5,23128,United Airlines
,,6,24013,United Airlines
,,7,28133,United Airlines
,,8,29375,United Airlines
,,9,29375,United Airlines
,,10,33495,United Airlines
,,11,24013,United Airlines
,,12,24013,United Airlines
,,13,23128,United Airlines
,,14,23128,United Airlines
,,15,23128,United Airlines
Japan (4),United Kingdom  (10),1,32221,Japan Airlines
(Narita International Airport),(London Heathrow Airport),2,32221,Japan Airlines
,,3,30282,Japan Airlines
,,4,32187,Japan Airlines
,,5,39705,Japan Airlines
,,6,36852,Japan Airlines
,,7,36852,Japan Airlines
,,8,34750,Japan Airlines
,,9,39705,Japan Airlines
,,10,35180,Japan Airlines
,,11,40280,Japan Airlines
,,12,43157,Japan Airlines
,,13,43857,Japan Airlines
,,14,32992,Japan Airlines
,,15,33228,Japan Airlines
Japan (4),France (11),1,34922,Japan Airlines
(Narita International Airport),(Charles de Gaulle Airport),2,96088,Air France
,,3,96088,Air France
,,4,96334,Air France
,,5,96334,Air France
,,6,37056,Japan Airlines
,,7,47669,Japan Airlines
,,8,45841,Japan Airlines
,,9,49092,Japan Airlines
,,10,62487,Japan Airlines
,,11,96334,Air France
,,12,34922,Japan Airlines
,,13,96088,Air France
,,14,37056,Japan Airlines
,,15,37756,Japan Airlines
Japan (4),Italy (12),1,83253,Alitalia
(Narita International Airport),(Leonardo da Vinci Airport),2,83253,Alitalia
,,3,83253,Alitalia
,,4,85653,Alitalia
,,5,83253,Alitalia
,,6,83253,Alitalia
,,7,83253,Alitalia
,,8,83253,Alitalia
,,9,83253,Alitalia
,,10,83253,Alitalia
,,11,83253,Alitalia
,,12,83253,Alitalia
,,13,83253,Alitalia
,,14,83253,Alitalia
,,15,83253,Alitalia
Japan (4),Germany (13),1,71256,Lufthansa
(Narita International Airport),(Frankfurt Airport),2,71256,Lufthansa
,,3,71256,Lufthansa
,,4,71256,Lufthansa
,,5,71256,Lufthansa
,,6,73985,Lufthansa
,,7,73985,Lufthansa
,,8,73985,Lufthansa
,,9,71256,Lufthansa
,,10,71256,Lufthansa
,,11,74145,Lufthansa
,,12,73985,Lufthansa
,,13,73985,Lufthansa
,,14,74145,Lufthansa
,,15,74145,Lufthansa
Japan (4),Spain (14),1,No flights,No flights
(Narita International Airport),(Madrid-Barajas Airport),2,No flights,No flights
,,3,No flights,No flights
,,4,No flights,No flights
,,5,No flights,No flights
,,6,No flights,No flights
,,7,No flights,No flights
,,8,No flights,No flights
,,9,No flights,No flights
,,10,No flights,No flights
,,11,No flights,No flights
,,12,No flights,No flights
,,13,No flights,No flights
,,14,No flights,No flights
,,15,No flights,No flights
Japan (4),New Zealand (15),1,17921,Air New Zealand
(Narita International Airport),(Auckland Airport),2,28034,Air New Zealand
,,3,16850,Air New Zealand
,,4,16850,Air New Zealand
,,5,17105,Air New Zealand
,,6,23242,Air New Zealand
,,7,28040,Air New Zealand
,,8,30697,Air New Zealand
,,9,23242,Air New Zealand
,,10,30697,Air New Zealand
,,11,30697,Air New Zealand
,,12,16856,Air New Zealand
,,13,16856,Air New Zealand
,,14,17105,Air New Zealand
,,15,16856,Air New Zealand
South Korea  (5),Thailand (1),1,5832,Eastar Jet
(Incheon International Airport),(Suvarnabhumi International Airport),2,4947,Eastar Jet
,,3,4947,Eastar Jet
,,4,5832,Eastar Jet
,,5,5832,Eastar Jet
,,6,6422,Eastar Jet
,,7,5832,Eastar Jet
,,8,9964,Thai Airways
,,9,9964,Thai Airways
,,10,9657,Thai Airways
,,11,5832,Eastar Jet
,,12,9657,Thai Airways
,,13,4947,Eastar Jet
,,14,4947,Eastar Jet
,,15,4504,Eastar Jet
South Korea  (5),Singapore (2),1,14104,Korean Air
(Incheon International Airport),(Changi Airport),2,14037,Korean Air
,,3,14037,Korean Air
,,4,14037,Korean Air
,,5,15791,Korean Air
,,6,15791,Korean Air
,,7,16375,Korean Air
,,8,17800,Korean Air
,,9,18385,Korean Air
,,10,17800,Korean Air
,,11,15791,Korean Air
,,12,14037,Korean Air
,,13,14037,Korean Air
,,14,18385,Korean Air
,,15,14037,Korean Air
South Korea  (5),Malaysia (3),1,7612,Air Asia
(Incheon International Airport),(Kuala Lumpur International Airport ),2,8084,Air Asia
,,3,4672,Air Asia
,,4,4672,Air Asia
,,5,6142,Air Asia
,,6,5207,Air Asia
,,7,5207,Air Asia
,,8,6142,Air Asia
,,9,6142,Air Asia
,,10,6142,Air Asia
,,11,6142,Air Asia
,,12,6142,Air Asia
,,13,6142,Air Asia
,,14,6142,Air Asia
,,15,5207,Air Asia
South Korea  (5),Japan (4),1,2598,Eastar Jet
(Incheon International Airport),(Narita International Airport),2,3736,Eastar Jet
,,3,3428,Eastar Jet
,,4,3428,Eastar Jet
,,5,3428,Eastar Jet
,,6,2598,Eastar Jet
,,7,3736,Eastar Jet
,,8,4506,Eastar Jet
,,9,4534,Eastar Jet
,,10,4506,Eastar Jet
,,11,4534,Eastar Jet
,,12,2598,Eastar Jet
,,13,2598,Eastar Jet
,,14,2598,Eastar Jet
,,15,2728,Eastar Jet
South Korea  (5),China  (6),1,6460,China Southern
(Incheon International Airport),(Beijing Capital International Airport),2,6460,China Southern
,,3,6446,China Southern
,,4,6460,China Southern
,,5,6460,China Southern
,,6,6460,China Southern
,,7,6460,China Southern
,,8,6460,China Southern
,,9,7070,China Southern
,,10,6460,China Southern
,,11,6460,China Southern
,,12,6460,China Southern
,,13,6460,China Southern
,,14,6460,China Southern
,,15,6460,China Southern
South Korea  (5),Hong kong  (7),1,3732,Hongkong Express
(Incheon International Airport),(Hong kong International Airport),2,3732,Hongkong Express
,,3,3732,Hongkong Express
,,4,3732,Hongkong Express
,,5,3732,Hongkong Express
,,6,3732,Hongkong Express
,,7,4043,Hongkong Express
,,8,4660,Hongkong Express
,,9,4660,Hongkong Express
,,10,3732,Hongkong Express
,,11,3732,Hongkong Express
,,12,3732,Hongkong Express
,,13,3732,Hongkong Express
,,14,3732,Hongkong Express
,,15,3853,Hongkong Express
South Korea  (5),Australia (8),1,33717,Korean Air
(Incheon International Airport),(Sydney International Airport ),2,42380,Korean Air
,,3,35913,Korean Air
,,4,35656,Korean Air
,,5,36673,Korean Air
,,6,36743,Korean Air
,,7,39904,Korean Air
,,8,40006,Korean Air
,,9,40120,Korean Air
,,10,39979,Korean Air
,,11,36651,Korean Air
,,12,36494,Korean Air
,,13,36673,Korean Air
,,14,36633,Korean Air
,,15,35704,Korean Air
South Korea  (5),United States of America  (9),1,46680,Korean Air
(Incheon International Airport),(JFK International Airport),2,46860,Korean Air
,,3,52670,Korean Air
,,4,51690,Korean Air
,,5,52670,Korean Air
,,6,52670,Korean Air
,,7,52670,Korean Air
,,8,55240,Korean Air
,,9,55240,Korean Air
,,10,55420,Korean Air
,,11,55420,Korean Air
,,12,55420,Korean Air
,,13,52670,Korean Air
,,14,52670,Korean Air
,,15,47191,Korean Air
South Korea  (5),United Kingdom  (10),1,27683,British Airways
(Incheon International Airport),(London Heathrow Airport),2,27683,British Airways
,,3,27683,British Airways
,,4,31615,British Airways
,,5,31615,British Airways
,,6,35960,British Airways
,,7,35960,British Airways
,,8,35960,British Airways
,,9,36284,British Airways
,,10,35960,British Airways
,,11,36284,British Airways
,,12,31590,British Airways
,,13,31590,British Airways
,,14,31876,British Airways
,,15,31590,British Airways
South Korea  (5),France (11),1,44180,Air France
(Incheon International Airport),(Charles de Gaulle Airport),2,45901,Air France
,,3,45901,Air France
,,4,50455,Air France
,,5,49415,Air France
,,6,50455,Air France
,,7,49415,Air France
,,8,50455,Air France
,,9,50455,Air France
,,10,50455,Air France
,,11,50455,Air France
,,12,50455,Air France
,,13,50455,Air France
,,14,50455,Air France
,,15,50455,Air France
South Korea  (5),Italy (12),1,36555,Alitalia
(Incheon International Airport),(Leonardo da Vinci Airport),2,36509,Alitalia
,,3,36509,Alitalia
,,4,36769,Alitalia
,,5,36769,Alitalia
,,6,36769,Alitalia
,,7,38691,Alitalia
,,8,38691,Alitalia
,,9,38099,Alitalia
,,10,38691,Alitalia
,,11,38691,Alitalia
,,12,38691,Alitalia
,,13,38691,Alitalia
,,14,36769,Alitalia
,,15,36769,Alitalia
South Korea  (5),Germany (13),1,40505,Lufthansa
(Incheon International Airport),(Frankfurt Airport),2,40505,Lufthansa
,,3,40260,Lufthansa
,,4,40260,Lufthansa
,,5,40260,Lufthansa
,,6,42844,Lufthansa
,,7,42787,Lufthansa
,,8,42787,Lufthansa
,,9,42787,Lufthansa
,,10,42787,Lufthansa
,,11,44019,Lufthansa
,,12,43397,Lufthansa
,,13,42787,Lufthansa
,,14,42787,Lufthansa
,,15,42787,Lufthansa
South Korea  (5),Spain (14),1,No flights,No flights
(Incheon International Airport),(Madrid-Barajas Airport),2,No flights,No flights
,,3,No flights,No flights
,,4,No flights,No flights
,,5,No flights,No flights
,,6,No flights,No flights
,,7,No flights,No flights
,,8,No flights,No flights
,,9,No flights,No flights
,,10,No flights,No flights
,,11,No flights,No flights
,,12,No flights,No flights
,,13,No flights,No flights
,,14,No flights,No flights
,,15,No flights,No flights
South Korea  (5),New Zealand (15),1,No flights,No flights
(Incheon International Airport),(Auckland Airport),2,No flights,No flights
,,3,No flights,No flights
,,4,No flights,No flights
,,5,No flights,No flights
,,6,No flights,No flights
,,7,No flights,No flights
,,8,No flights,No flights
,,9,No flights,No flights
,,10,No flights,No flights
,,11,No flights,No flights
,,12,No flights,No flights
,,13,No flights,No flights
,,14,No flights,No flights
,,15,No flights,No flights
China  (6),Thailand (1),1,8066,Hainan Airlines
(Beijing Capital International Airport),(Suvarnabhumi International Airport),2,8066,Hainan Airlines
,,3,7831,Hainan Airlines
,,4,8066,Hainan Airlines
,,5,8601,Hainan Airlines
,,6,11516,Hainan Airlines
,,7,11288,Hainan Airlines
,,8,11288,Hainan Airlines
,,9,11288,Hainan Airlines
,,10,11288,Hainan Airlines
,,11,11288,Hainan Airlines
,,12,11288,Hainan Airlines
,,13,9750,Hainan Airlines
,,14,11288,Hainan Airlines
,,15,11288,Hainan Airlines
China  (6),Singapore (2),1,18718,Air China
(Beijing Capital International Airport),(Changi Airport),2,18718,Air China
,,3,18784,Air China
,,4,18718,Air China
,,5,18718,Air China
,,6,18718,Air China
,,7,21896,Air China
,,8,19892,Air China
,,9,18718,Air China
,,10,18718,Air China
,,11,19692,Air China
,,12,18718,Air China
,,13,18718,Air China
,,14,18718,Air China
,,15,18718,Air China
China  (6),Malaysia (3),1,6741,Air Asia
(Beijing Capital International Airport),(Kuala Lumpur International Airport ),2,4300,Air Asia
,,3,6484,Air Asia
,,4,5550,Air Asia
,,5,6484,Air Asia
,,6,6484,Air Asia
,,7,7566,Air Asia
,,8,7678,Air Asia
,,9,5293,Air Asia
,,10,5077,Air Asia
,,11,5077,Air Asia
,,12,5077,Air Asia
,,13,5077,Air Asia
,,14,3424,Air Asia
,,15,5375,Air Asia
China  (6),Japan (4),1,14273,Japan Airlines
(Beijing Capital International Airport),(Narita International Airport),2,14279,Japan Airlines
,,3,14273,Japan Airlines
,,4,14273,Japan Airlines
,,5,14539,Japan Airlines
,,6,14802,Japan Airlines
,,7,14802,Japan Airlines
,,8,14929,Japan Airlines
,,9,14802,Japan Airlines
,,10,14802,Japan Airlines
,,11,14802,Japan Airlines
,,12,14802,Japan Airlines
,,13,14802,Japan Airlines
,,14,14539,Japan Airlines
,,15,14539,Japan Airlines
China  (6),South Korea  (5),1,8028,China Southern
(Beijing Capital International Airport),(Incheon International Airport),2,8051,China Southern
,,3,8051,China Southern
,,4,8015,China Southern
,,5,8570,Korean Air
,,6,9125,Korean Air
,,7,9125,Korean Air
,,8,9125,Korean Air
,,9,9125,Korean Air
,,10,9056,Korean Air
,,11,9125,Korean Air
,,12,8570,Korean Air
,,13,8044,China Southern
,,14,8015,China Southern
,,15,8015,China Southern
China  (6),Hong kong  (7),1,4875,Air China
(Beijing Capital International Airport),(Hong kong International Airport),2,4875,Air China
,,3,3582,Air China
,,4,3582,Air China
,,5,4574,Air China
,,6,7530,Air China
,,7,7530,Air China
,,8,7530,Air China
,,9,7677,Air China
,,10,7677,Air China
,,11,7677,Air China
,,12,6299,Air China
,,13,4574,Air China
,,14,3329,Air China
,,15,3329,Air China
China  (6),Australia (8),1,11998,Air China
(Beijing Capital International Airport),(Sydney International Airport ),2,11998,Air China
,,3,11998,Air China
,,4,11998,Air China
,,5,27216,Air China
,,6,27216,Air China
,,7,25964,Air China
,,8,27216,Air China
,,9,25964,Air China
,,10,25964,Air China
,,11,18735,Air China
,,12,18735,Air China
,,13,14568,Air China
,,14,18735,Air China
,,15,22315,Air China
China  (6),United States of America  (9),1,41819,United Airlines
(Beijing Capital International Airport),(JFK International Airport),2,41819,United Airlines
,,3,41819,United Airlines
,,4,41819,United Airlines
,,5,54114,United Airlines
,,6,57010,United Airlines
,,7,54114,United Airlines
,,8,57010,United Airlines
,,9,65330,United Airlines
,,10,65330,United Airlines
,,11,65330,United Airlines
,,12,57111,United Airlines
,,13,48160,United Airlines
,,14,50038,United Airlines
,,15,41819,United Airlines
China  (6),United Kingdom  (10),1,26896,British Airways
(Beijing Capital International Airport),(London Heathrow Airport),2,26113,British Airways
,,3,31639,British Airways
,,4,34407,British Airways
,,5,32125,British Airways
,,6,33218,British Airways
,,7,33218,British Airways
,,8,33218,British Airways
,,9,36421,British Airways
,,10,33218,British Airways
,,11,33218,British Airways
,,12,33218,British Airways
,,13,33218,British Airways
,,14,33218,British Airways
,,15,33218,British Airways
China  (6),France (11),1,31368,Air China
(Beijing Capital International Airport),(Charles de Gaulle Airport),2,31368,Air China
,,3,33418,Air China
,,4,33418,Air China
,,5,33418,Air China
,,6,39641,Air China
,,7,39641,Air China
,,8,39641,Air China
,,9,39694,Air China
,,10,39641,Air China
,,11,39641,Air China
,,12,39641,Air China
,,13,39641,Air China
,,14,39694,Air China
,,15,39694,Air China
China  (6),Italy (12),1,33977,Air China
(Beijing Capital International Airport),(Leonardo da Vinci Airport),2,33977,Air China
,,3,36250,Air China
,,4,36250,Air China
,,5,36250,Air China
,,6,40759,Air China
,,7,40759,Air China
,,8,40717,Air China
,,9,40717,Air China
,,10,40759,Air China
,,11,35256,Air China
,,12,40759,Air China
,,13,40759,Air China
,,14,40759,Air China
,,15,40759,Air China
China  (6),Germany (13),1,26358,Air China
(Beijing Capital International Airport),(Frankfurt Airport),2,39932,Air China
,,3,24434,Air China
,,4,39932,Air China
,,5,30129,Air China
,,6,33378,Air China
,,7,33378,Air China
,,8,34407,Air China
,,9,30129,Air China
,,10,37150,Air China
,,11,39932,Air China
,,12,30129,Air China
,,13,30129,Air China
,,14,27441,Air China
,,15,27441,Air China
China  (6),Spain (14),1,36006,Air China
(Beijing Capital International Airport),(Madrid-Barajas Airport),2,35030,Air China
,,3,39738,Air China
,,4,37941,Air China
,,5,36935,Air China
,,6,49836,Air China
,,7,45653,Air China
,,8,35030,Air China
,,9,43727,Air China
,,10,49836,Air China
,,11,42573,Air China
,,12,43727,Air China
,,13,40529,Air China
,,14,47595,Air China
,,15,40529,Air China
China  (6),New Zealand (15),1,No flights,No flights
(Beijing Capital International Airport),(Auckland Airport),2,No flights,No flights
,,3,No flights,No flights
,,4,No flights,No flights
,,5,No flights,No flights
,,6,No flights,No flights
,,7,No flights,No flights
,,8,No flights,No flights
,,9,No flights,No flights
,,10,No flights,No flights
,,11,No flights,No flights
,,12,No flights,No flights
,,13,No flights,No flights
,,14,No flights,No flights
,,15,No flights,No flights
Hong kong  (7),Thailand (1),1,6534,Hong Kong Airlines
(Hong kong International Airport),(Suvarnabhumi International Airport),2,6534,Hong Kong Airlines
,,3,6534,Hong Kong Airlines
,,4,6534,Hong Kong Airlines
,,5,6534,Hong Kong Airlines
,,6,6534,Hong Kong Airlines
,,7,6534,Hong Kong Airlines
,,8,6534,Hong Kong Airlines
,,9,6534,Hong Kong Airlines
,,10,6534,Hong Kong Airlines
,,11,6534,Hong Kong Airlines
,,12,6534,Hong Kong Airlines
,,13,6534,Hong Kong Airlines
,,14,3060,Hong Kong Airlines
,,15,3060,Hong Kong Airlines
Hong kong  (7),Singapore (2),1,2689,Jetstar
(Hong kong International Airport),(Changi Airport),2,2032,Jetstar
,,3,2032,Jetstar
,,4,2200,Jetstar
,,5,2301,Jetstar
,,6,2200,Jetstar
,,7,3674,Jetstar
,,8,2447,Jetstar
,,9,2071,Jetstar
,,10,3674,Jetstar
,,11,2200,Jetstar
,,12,2071,Jetstar
,,13,2200,Jetstar
,,14,2200,Jetstar
,,15,2416,Jetstar
Hong kong  (7),Malaysia (3),1,3583,Air Asia
(Hong kong International Airport),(Kuala Lumpur International Airport ),2,1850,Air Asia
,,3,1850,Air Asia
,,4,1791,Air Asia
,,5,1850,Air Asia
,,6,3583,Air Asia
,,7,1850,Air Asia
,,8,2579,Air Asia
,,9,2579,Air Asia
,,10,3583,Air Asia
,,11,1850,Air Asia
,,12,1850,Air Asia
,,13,3583,Air Asia
,,14,3583,Air Asia
,,15,2148,Air Asia
Hong kong  (7),Japan (4),1,4504,Hongkong Express
(Hong kong International Airport),(Narita International Airport),2,3865,Hongkong Express
,,3,4124,Hongkong Express
,,4,3709,Hongkong Express
,,5,3709,Hongkong Express
,,6,4379,Hongkong Express
,,7,4379,Hongkong Express
,,8,4379,Hongkong Express
,,9,5041,Hongkong Express
,,10,5286,Hongkong Express
,,11,4902,Hongkong Express
,,12,3990,Hongkong Express
,,13,3428,Hongkong Express
,,14,3428,Hongkong Express
,,15,3428,Hongkong Express
Hong kong  (7),South Korea  (5),1,6209,Hongkong Express
(Hong kong International Airport),(Incheon International Airport),2,5817,Hongkong Express
,,3,5817,Hongkong Express
,,4,4417,Hongkong Express
,,5,4105,Hongkong Express
,,6,3829,Hongkong Express
,,7,5133,Hongkong Express
,,8,5418,Hongkong Express
,,9,5418,Hongkong Express
,,10,5817,Hongkong Express
,,11,4403,Hongkong Express
,,12,4403,Hongkong Express
,,13,3833,Hongkong Express
,,14,4109,Hongkong Express
,,15,3833,Hongkong Express
Hong kong  (7),China  (6),1,6993,Air China
(Hong kong International Airport),(Beijing Capital International Airport),2,6993,Air China
,,3,6993,Air China
,,4,6993,Air China
,,5,4876,Air China
,,6,6973,Air China
,,7,6973,Air China
,,8,6906,Air China
,,9,6973,Air China
,,10,6973,Air China
,,11,6973,Air China
,,12,6973,Air China
,,13,6906,Air China
,,14,6973,Air China
,,15,6906,Air China
Hong kong  (7),Australia (8),1,16488,Qantas
(Hong kong International Airport),(Sydney International Airport ),2,16488,Qantas
,,3,16488,Qantas
,,4,28773,Qantas
,,5,28773,Qantas
,,6,28773,Qantas
,,7,28773,Qantas
,,8,27452,Qantas
,,9,27452,Qantas
,,10,22650,Qantas
,,11,21454,Qantas
,,12,16392,Qantas
,,13,16392,Qantas
,,14,16392,Qantas
,,15,16451,Qantas
Hong kong  (7),United States of America  (9),1,31287,United Airlines
(Hong kong International Airport),(JFK International Airport),2,31608,United Airlines
,,3,31287,United Airlines
,,4,31222,United Airlines
,,5,31222,United Airlines
,,6,49345,Cathay Pacific
,,7,48572,Cathay Pacific
,,8,39818,United Airlines
,,9,39818,United Airlines
,,10,36695,United Airlines
,,11,31746,United Airlines
,,12,31746,United Airlines
,,13,31746,United Airlines
,,14,31746,United Airlines
,,15,31746,United Airlines
Hong kong  (7),United Kingdom  (10),1,29250,British Airways
(Hong kong International Airport),(London Heathrow Airport),2,29250,British Airways
,,3,30925,British Airways
,,4,34060,British Airways
,,5,34071,British Airways
,,6,31494,British Airways
,,7,31494,British Airways
,,8,31494,British Airways
,,9,34071,British Airways
,,10,31494,British Airways
,,11,31512,British Airways
,,12,31512,British Airways
,,13,31512,British Airways
,,14,31494,British Airways
,,15,31494,British Airways
Hong kong  (7),France (11),1,50416,Air France
(Hong kong International Airport),(Charles de Gaulle Airport),2,50678,Air France
,,3,49590,Air France
,,4,52486,Air France
,,5,50678,Air France
,,6,49256,Air France
,,7,51049,Air France
,,8,49256,Air France
,,9,49549,Air France
,,10,49549,Air France
,,11,49549,Air France
,,12,49549,Air France
,,13,48106,Air France
,,14,48106,Air France
,,15,49590,Air France
Hong kong  (7),Italy (12),1,41698,Alitalia
(Hong kong International Airport),(Leonardo da Vinci Airport),2,45346,Alitalia
,,3,48344,Alitalia
,,4,41698,Alitalia
,,5,48344,Alitalia
,,6,49658,Alitalia
,,7,52294,Alitalia
,,8,49549,Alitalia
,,9,45346,Alitalia
,,10,49549,Alitalia
,,11,49549,Alitalia
,,12,48106,Alitalia
,,13,49549,Alitalia
,,14,49549,Alitalia
,,15,49549,Alitalia
Hong kong  (7),Germany (13),1,48048,Lufthansa
(Hong kong International Airport),(Frankfurt Airport),2,56567,Lufthansa
,,3,46707,Lufthansa
,,4,48109,Lufthansa
,,5,48048,Lufthansa
,,6,49304,Lufthansa
,,7,48048,Lufthansa
,,8,49304,Lufthansa
,,9,49304,Lufthansa
,,10,48048,Lufthansa
,,11,49304,Lufthansa
,,12,49304,Lufthansa
,,13,48048,Lufthansa
,,14,49034,Lufthansa
,,15,49304,Lufthansa
Hong kong  (7),Spain (14),1,No flights,No flights
(Hong kong International Airport),(Madrid-Barajas Airport),2,No flights,No flights
,,3,No flights,No flights
,,4,No flights,No flights
,,5,No flights,No flights
,,6,No flights,No flights
,,7,No flights,No flights
,,8,No flights,No flights
,,9,No flights,No flights
,,10,No flights,No flights
,,11,No flights,No flights
,,12,No flights,No flights
,,13,No flights,No flights
,,14,No flights,No flights
,,15,No flights,No flights
Hong kong  (7),New Zealand (15),1,23440,Air New Zealand
(Hong kong International Airport),(Auckland Airport),2,24143,Air New Zealand
,,3,24143,Air New Zealand
,,4,24143,Air New Zealand
,,5,27149,Air New Zealand
,,6,30928,Air New Zealand
,,7,30928,Air New Zealand
,,8,31060,Air New Zealand
,,9,26339,Air New Zealand
,,10,25152,Air New Zealand
,,11,25152,Air New Zealand
,,12,24990,Air New Zealand
,,13,25152,Air New Zealand
,,14,25152,Air New Zealand
,,15,25152,Air New Zealand
Australia (8),Thailand (1),1,14760,Qantas
(Sydney International Airport ),(Suvarnabhumi International Airport),2,18180,Qantas
,,3,21650,Qantas
,,4,21650,Qantas
,,5,19658,Qantas
,,6,13900,Qantas
,,7,13843,Qantas
,,8,13843,Qantas
,,9,13843,Qantas
,,10,13843,Qantas
,,11,13843,Qantas
,,12,14760,Qantas
,,13,14760,Qantas
,,14,14750,Qantas
,,15,18180,Qantas
Australia (8),Singapore (2),1,8100,Scoot
(Sydney International Airport ),(Changi Airport),2,8100,Scoot
,,3,9265,Scoot
,,4,9265,Scoot
,,5,9265,Scoot
,,6,8100,Scoot
,,7,5531,Scoot
,,8,5531,Scoot
,,9,7048,Scoot
,,10,8100,Scoot
,,11,5531,Scoot
,,12,9348,Scoot
,,13,7048,Scoot
,,14,7048,Scoot
,,15,7048,Scoot
Australia (8),Malaysia (3),1,9178,Air Asia
(Sydney International Airport ),(Kuala Lumpur International Airport ),2,9178,Air Asia
,,3,7337,Air Asia
,,4,9178,Air Asia
,,5,7337,Air Asia
,,6,5509,Air Asia
,,7,6548,Air Asia
,,8,6548,Air Asia
,,9,6548,Air Asia
,,10,6548,Air Asia
,,11,6548,Air Asia
,,12,6548,Air Asia
,,13,6548,Air Asia
,,14,7337,Air Asia
,,15,7337,Air Asia
Australia (8),Japan (4),1,19707,Japan Airlines
(Sydney International Airport ),(Narita International Airport),2,19707,Japan Airlines
,,3,23604,Japan Airlines
,,4,23604,Japan Airlines
,,5,21680,Japan Airlines
,,6,19707,Japan Airlines
,,7,23985,Japan Airlines
,,8,23985,Japan Airlines
,,9,23985,Japan Airlines
,,10,21680,Japan Airlines
,,11,25689,Japan Airlines
,,12,23985,Japan Airlines
,,13,21680,Japan Airlines
,,14,19707,Japan Airlines
,,15,19707,Japan Airlines
Australia (8),South Korea  (5),1,20401,Korean Air
(Sydney International Airport ),(Incheon International Airport),2,21242,Korean Air
,,3,25811,Korean Air
,,4,25811,Korean Air
,,5,22120,Korean Air
,,6,20401,Korean Air
,,7,20419,Korean Air
,,8,20401,Korean Air
,,9,20419,Korean Air
,,10,20401,Korean Air
,,11,20401,Korean Air
,,12,20401,Korean Air
,,13,20401,Korean Air
,,14,20401,Korean Air
,,15,20419,Korean Air
Australia (8),China  (6),1,17140,Air China
(Sydney International Airport ),(Beijing Capital International Airport),2,17140,Air China
,,3,21524,Air China
,,4,21524,Air China
,,5,20079,Air China
,,6,14514,Air China
,,7,14514,Air China
,,8,14514,Air China
,,9,17140,Air China
,,10,17140,Air China
,,11,17140,Air China
,,12,17140,Air China
,,13,17140,Air China
,,14,17140,Air China
,,15,17140,Air China
Australia (8),Hong kong  (7),1,15460,Cathay Pacific
(Sydney International Airport ),(Hong kong International Airport),2,15460,Cathay Pacific
,,3,25538,Cathay Pacific
,,4,25538,Cathay Pacific
,,5,15625,Cathay Pacific
,,6,15460,Cathay Pacific
,,7,15460,Cathay Pacific
,,8,15625,Cathay Pacific
,,9,15625,Cathay Pacific
,,10,16475,Cathay Pacific
,,11,16475,Cathay Pacific
,,12,16475,Cathay Pacific
,,13,15541,Cathay Pacific
,,14,15460,Cathay Pacific
,,15,15460,Cathay Pacific
Australia (8),United States of America  (9),1,26221,United Airlines
(Sydney International Airport ),(JFK International Airport),2,31317,United Airlines
,,3,31317,United Airlines
,,4,31317,United Airlines
,,5,31317,United Airlines
,,6,26221,United Airlines
,,7,26221,United Airlines
,,8,26221,United Airlines
,,9,26221,United Airlines
,,10,26221,United Airlines
,,11,26221,United Airlines
,,12,26221,United Airlines
,,13,26221,United Airlines
,,14,26221,United Airlines
,,15,31317,United Airlines
Australia (8),United Kingdom  (10),1,No flights,No flights
(Sydney International Airport ),(London Heathrow Airport),2,No flights,No flights
,,3,No flights,No flights
,,4,No flights,No flights
,,5,No flights,No flights
,,6,No flights,No flights
,,7,No flights,No flights
,,8,No flights,No flights
,,9,No flights,No flights
,,10,No flights,No flights
,,11,No flights,No flights
,,12,No flights,No flights
,,13,No flights,No flights
,,14,No flights,No flights
,,15,No flights,No flights
Australia (8),France (11),1,No flights,No flights
(Sydney International Airport ),(Charles de Gaulle Airport),2,No flights,No flights
,,3,No flights,No flights
,,4,No flights,No flights
,,5,No flights,No flights
,,6,No flights,No flights
,,7,No flights,No flights
,,8,No flights,No flights
,,9,No flights,No flights
,,10,No flights,No flights
,,11,No flights,No flights
,,12,No flights,No flights
,,13,No flights,No flights
,,14,No flights,No flights
,,15,No flights,No flights
Australia (8),Italy (12),1,No flights,No flights
(Sydney International Airport ),(Leonardo da Vinci Airport),2,No flights,No flights
,,3,No flights,No flights
,,4,No flights,No flights
,,5,No flights,No flights
,,6,No flights,No flights
,,7,No flights,No flights
,,8,No flights,No flights
,,9,No flights,No flights
,,10,No flights,No flights
,,11,No flights,No flights
,,12,No flights,No flights
,,13,No flights,No flights
,,14,No flights,No flights
,,15,No flights,No flights
Australia (8),Germany (13),1,No flights,No flights
(Sydney International Airport ),(Frankfurt Airport),2,No flights,No flights
,,3,No flights,No flights
,,4,No flights,No flights
,,5,No flights,No flights
,,6,No flights,No flights
,,7,No flights,No flights
,,8,No flights,No flights
,,9,No flights,No flights
,,10,No flights,No flights
,,11,No flights,No flights
,,12,No flights,No flights
,,13,No flights,No flights
,,14,No flights,No flights
,,15,No flights,No flights
Australia (8),Spain (14),1,No flights,No flights
(Sydney International Airport ),(Madrid-Barajas Airport),2,No flights,No flights
,,3,No flights,No flights
,,4,No flights,No flights
,,5,No flights,No flights
,,6,No flights,No flights
,,7,No flights,No flights
,,8,No flights,No flights
,,9,No flights,No flights
,,10,No flights,No flights
,,11,No flights,No flights
,,12,No flights,No flights
,,13,No flights,No flights
,,14,No flights,No flights
,,15,No flights,No flights
Australia (8),New Zealand (15),1,6004,Virgin Australia
(Sydney International Airport ),(Auckland Airport),2,6004,Virgin Australia
,,3,6004,Virgin Australia
,,4,7056,Virgin Australia
,,5,8326,Virgin Australia
,,6,8326,Virgin Australia
,,7,8326,Virgin Australia
,,8,7540,Virgin Australia
,,9,6002,Virgin Australia
,,10,6002,Virgin Australia
,,11,6002,Virgin Australia
,,12,6002,Virgin Australia
,,13,6002,Virgin Australia
,,14,6002,Virgin Australia
,,15,6002,Virgin Australia
United States of America  (9),Thailand (1),1,No flights,No flights
(JFK International Airport),(Suvarnabhumi International Airport),2,No flights,No flights
,,3,No flights,No flights
,,4,No flights,No flights
,,5,No flights,No flights
,,6,No flights,No flights
,,7,No flights,No flights
,,8,No flights,No flights
,,9,No flights,No flights
,,10,No flights,No flights
,,11,No flights,No flights
,,12,No flights,No flights
,,13,No flights,No flights
,,14,No flights,No flights
,,15,No flights,No flights
United States of America  (9),Singapore (2),1,No flights,No flights
(JFK International Airport),(Changi Airport),2,No flights,No flights
,,3,No flights,No flights
,,4,No flights,No flights
,,5,No flights,No flights
,,6,No flights,No flights
,,7,No flights,No flights
,,8,No flights,No flights
,,9,No flights,No flights
,,10,No flights,No flights
,,11,No flights,No flights
,,12,No flights,No flights
,,13,No flights,No flights
,,14,No flights,No flights
,,15,No flights,No flights
United States of America  (9),Malaysia (3),1,No flights,No flights
(JFK International Airport),(Kuala Lumpur International Airport ),2,No flights,No flights
,,3,No flights,No flights
,,4,No flights,No flights
,,5,No flights,No flights
,,6,No flights,No flights
,,7,No flights,No flights
,,8,No flights,No flights
,,9,No flights,No flights
,,10,No flights,No flights
,,11,No flights,No flights
,,12,No flights,No flights
,,13,No flights,No flights
,,14,No flights,No flights
,,15,No flights,No flights
United States of America  (9),Japan (4),1,50046,Delta
(JFK International Airport),(Narita International Airport),2,50046,Delta
,,3,50046,Delta
,,4,50046,Delta
,,5,48023,Delta
,,6,48023,Delta
,,7,48023,Delta
,,8,45192,Delta
,,9,45148,Delta
,,10,45192,Delta
,,11,45192,Delta
,,12,43207,Delta
,,13,43207,Delta
,,14,43207,Delta
,,15,43207,Delta
United States of America  (9),South Korea  (5),1,44706,Korean Air
(JFK International Airport),(Incheon International Airport),2,44706,Korean Air
,,3,44706,Korean Air
,,4,44706,Korean Air
,,5,44706,Korean Air
,,6,41433,Korean Air
,,7,41433,Korean Air
,,8,41433,Korean Air
,,9,41433,Korean Air
,,10,41433,Korean Air
,,11,41433,Korean Air
,,12,36028,Korean Air
,,13,36028,Korean Air
,,14,36028,Korean Air
,,15,36028,Korean Air
United States of America  (9),China  (6),1,38571,Air China
(JFK International Airport),(Beijing Capital International Airport),2,38571,Air China
,,3,38693,Air China
,,4,37700,Air China
,,5,37516,Air China
,,6,37516,Air China
,,7,37516,Air China
,,8,37516,Air China
,,9,37516,Air China
,,10,37516,Air China
,,11,37516,Air China
,,12,37695,Air China
,,13,32160,Air China
,,14,28800,Air China
,,15,28800,Air China
United States of America  (9),Hong kong  (7),1,34094,Cathay Pacific
(JFK International Airport),(Hong kong International Airport),2,33364,Cathay Pacific
,,3,33364,Cathay Pacific
,,4,34094,Cathay Pacific
,,5,33364,Cathay Pacific
,,6,33364,Cathay Pacific
,,7,34000,Cathay Pacific
,,8,33364,Cathay Pacific
,,9,34239,Cathay Pacific
,,10,34000,Cathay Pacific
,,11,25735,Cathay Pacific
,,12,25391,Cathay Pacific
,,13,25391,Cathay Pacific
,,14,25391,Cathay Pacific
,,15,25391,Cathay Pacific
United States of America  (9),Australia (8),1,32684,United Airlines
(JFK International Airport),(Sydney International Airport ),2,29240,United Airlines
,,3,29240,United Airlines
,,4,35922,United Airlines
,,5,35922,United Airlines
,,6,36072,United Airlines
,,7,36072,United Airlines
,,8,29542,United Airlines
,,9,29420,United Airlines
,,10,29420,United Airlines
,,11,29420,United Airlines
,,12,29420,United Airlines
,,13,29420,United Airlines
,,14,29420,United Airlines
,,15,29345,United Airlines
United States of America  (9),United Kingdom  (10),1,31107,Finnair
(JFK International Airport),(London Heathrow Airport),2,31107,Finnair
,,3,31107,Finnair
,,4,31107,Finnair
,,5,31107,Finnair
,,6,31107,Finnair
,,7,31107,Finnair
,,8,31107,Finnair
,,9,31107,Finnair
,,10,31107,Finnair
,,11,31107,Finnair
,,12,20333,Finnair
,,13,20333,Finnair
,,14,20333,Finnair
,,15,20333,Finnair
United States of America  (9),France (11),1,19420,Finnair
(JFK International Airport),(Charles de Gaulle Airport),2,19420,Finnair
,,3,14229,Finnair
,,4,14229,Finnair
,,5,14229,Finnair
,,6,12083,Finnair
,,7,12083,Finnair
,,8,19420,Finnair
,,9,19420,Finnair
,,10,19420,Finnair
,,11,19420,Finnair
,,12,19420,Finnair
,,13,13807,Finnair
,,14,13807,Finnair
,,15,13807,Finnair
United States of America  (9),Italy (12),1,30906,Finnair
(JFK International Airport),(Leonardo da Vinci Airport),2,30906,Finnair
,,3,30906,Finnair
,,4,30906,Finnair
,,5,30906,Finnair
,,6,30906,Finnair
,,7,30906,Finnair
,,8,30906,Finnair
,,9,30906,Finnair
,,10,30906,Finnair
,,11,30906,Finnair
,,12,25536,Finnair
,,13,25536,Finnair
,,14,25536,Finnair
,,15,25536,Finnair
United States of America  (9),Germany (13),1,21374,United Airlines
(JFK International Airport),(Frankfurt Airport),2,21374,United Airlines
,,3,18219,United Airlines
,,4,26308,United Airlines
,,5,15970,United Airlines
,,6,15970,United Airlines
,,7,15970,United Airlines
,,8,14628,United Airlines
,,9,15970,United Airlines
,,10,15970,United Airlines
,,11,14628,United Airlines
,,12,14628,United Airlines
,,13,15970,United Airlines
,,14,17984,United Airlines
,,15,21374,United Airlines
United States of America  (9),Spain (14),1,47301,Finnair
(JFK International Airport),(Madrid-Barajas Airport),2,47301,Finnair
,,3,47301,Finnair
,,4,49437,Finnair
,,5,47301,Finnair
,,6,49437,Finnair
,,7,47301,Finnair
,,8,47301,Finnair
,,9,47301,Finnair
,,10,47301,Finnair
,,11,45159,Finnair
,,12,40914,Finnair
,,13,40914,Finnair
,,14,40914,Finnair
,,15,40914,Finnair
United States of America  (9),New Zealand (15),1,22251,United Airlines
(JFK International Airport),(Auckland Airport),2,22251,United Airlines
,,3,22251,United Airlines
,,4,29165,United Airlines
,,5,26553,United Airlines
,,6,30430,United Airlines
,,7,38104,United Airlines
,,8,27746,United Airlines
,,9,22584,United Airlines
,,10,19727,United Airlines
,,11,19727,United Airlines
,,12,22257,United Airlines
,,13,19727,United Airlines
,,14,19727,United Airlines
,,15,31369,United Airlines
United Kingdom  (10),Thailand (1),1,19274,Eva Air
(London Heathrow Airport),(Suvarnabhumi International Airport),2,19274,Eva Air
,,3,19274,Eva Air
,,4,23670,Thai Airways
,,5,24708,Thai Airways
,,6,24881,Thai Airways
,,7,41706,Thai Airways
,,8,45696,Thai Airways
,,9,34477,Thai Airways
,,10,25461,Thai Airways
,,11,24881,Thai Airways
,,12,19843,Eva Air
,,13,19843,Eva Air
,,14,19274,Eva Air
,,15,19274,Eva Air
United Kingdom  (10),Singapore (2),1,25384,Singapore Airlines
(London Heathrow Airport),(Changi Airport),2,25384,Singapore Airlines
,,3,25407,Singapore Airlines
,,4,25407,Singapore Airlines
,,5,26989,Singapore Airlines
,,6,37881,Singapore Airlines
,,7,45812,Singapore Airlines
,,8,45812,Singapore Airlines
,,9,37881,Singapore Airlines
,,10,29786,Singapore Airlines
,,11,25407,Singapore Airlines
,,12,25407,Singapore Airlines
,,13,25407,Singapore Airlines
,,14,25407,Singapore Airlines
,,15,25407,Singapore Airlines
United Kingdom  (10),Malaysia (3),1,26186,Malaysia Airlines
(London Heathrow Airport),(Kuala Lumpur International Airport ),2,26186,Malaysia Airlines
,,3,26186,Malaysia Airlines
,,4,26186,Malaysia Airlines
,,5,26186,Malaysia Airlines
,,6,35901,Malaysia Airlines
,,7,40992,Malaysia Airlines
,,8,40992,Malaysia Airlines
,,9,38082,Malaysia Airlines
,,10,38082,Malaysia Airlines
,,11,26186,Malaysia Airlines
,,12,26186,Malaysia Airlines
,,13,26186,Malaysia Airlines
,,14,26186,Malaysia Airlines
,,15,26186,Malaysia Airlines
United Kingdom  (10),Japan (4),1,47699,Japan Airlines
(London Heathrow Airport),(Narita International Airport),2,46346,Japan Airlines
,,3,48220,Japan Airlines
,,4,47699,Japan Airlines
,,5,58278,Japan Airlines
,,6,47699,Japan Airlines
,,7,57915,Japan Airlines
,,8,47699,Japan Airlines
,,9,47699,Japan Airlines
,,10,55886,Japan Airlines
,,11,55886,Japan Airlines
,,12,58278,Japan Airlines
,,13,45140,Japan Airlines
,,14,43923,Japan Airlines
,,15,45140,Japan Airlines
United Kingdom  (10),South Korea  (5),1,35308,Korean Air
(London Heathrow Airport),(Incheon International Airport),2,35308,Korean Air
,,3,35308,Korean Air
,,4,39205,Korean Air
,,5,39060,Korean Air
,,6,39060,Korean Air
,,7,39060,Korean Air
,,8,39060,Korean Air
,,9,43045,Korean Air
,,10,39060,Korean Air
,,11,35178,Korean Air
,,12,35178,Korean Air
,,13,35178,Korean Air
,,14,35178,Korean Air
,,15,35178,Korean Air
United Kingdom  (10),China  (6),1,29795,Air China
(London Heathrow Airport),(Beijing Capital International Airport),2,29019,Air China
,,3,36006,Air China
,,4,36006,Air China
,,5,36006,Air China
,,6,35564,Air China
,,7,39888,Air China
,,8,39888,Air China
,,9,39888,Air China
,,10,39888,Air China
,,11,39888,Air China
,,12,36006,Air China
,,13,36006,Air China
,,14,36006,Air China
,,15,36006,Air China
United Kingdom  (10),Hong kong  (7),1,28141,Virgin Atlantic
(London Heathrow Airport),(Hong kong International Airport),2,29669,Virgin Atlantic
,,3,35634,Virgin Atlantic
,,4,35366,Virgin Atlantic
,,5,34482,Virgin Atlantic
,,6,35366,Virgin Atlantic
,,7,35634,Virgin Atlantic
,,8,44037,Virgin Atlantic
,,9,44037,Virgin Atlantic
,,10,44037,Virgin Atlantic
,,11,40183,Virgin Atlantic
,,12,33608,Virgin Atlantic
,,13,33610,Virgin Atlantic
,,14,33355,Virgin Atlantic
,,15,33610,Virgin Atlantic
United Kingdom  (10),Australia (8),1,No flights,No flights
(London Heathrow Airport),(Sydney International Airport ),2,No flights,No flights
,,3,No flights,No flights
,,4,No flights,No flights
,,5,No flights,No flights
,,6,No flights,No flights
,,7,No flights,No flights
,,8,No flights,No flights
,,9,No flights,No flights
,,10,No flights,No flights
,,11,No flights,No flights
,,12,No flights,No flights
,,13,No flights,No flights
,,14,No flights,No flights
,,15,No flights,No flights
United Kingdom  (10),United States of America  (9),1,25516,Finnair
(London Heathrow Airport),(JFK International Airport),2,25516,Finnair
,,3,25516,Finnair
,,4,51805,Finnair
,,5,51805,Finnair
,,6,51805,Finnair
,,7,51805,Finnair
,,8,51805,Finnair
,,9,51805,Finnair
,,10,51805,Finnair
,,11,51805,Finnair
,,12,29411,Finnair
,,13,29411,Finnair
,,14,29411,Finnair
,,15,29411,Finnair
United Kingdom  (10),France (11),1,2890,Air France
(London Heathrow Airport),(Charles de Gaulle Airport),2,3628,Air France
,,3,3328,Air France
,,4,3328,Air France
,,5,2817,Air France
,,6,2817,Air France
,,7,2505,Air France
,,8,2862,Air France
,,9,2096,Air France
,,10,2044,Air France
,,11,2096,Air France
,,12,2198,Air France
,,13,1678,Air France
,,14,1678,Air France
,,15,1993,Air France
United Kingdom  (10),Italy (12),1,2231,British Airways
(London Heathrow Airport),(Leonardo da Vinci Airport),2,2044,British Airways
,,3,2862,British Airways
,,4,2556,British Airways
,,5,1977,British Airways
,,6,3372,British Airways
,,7,4958,British Airways
,,8,4958,British Airways
,,9,3973,British Airways
,,10,2727,British Airways
,,11,2574,British Airways
,,12,2574,British Airways
,,13,2034,British Airways
,,14,2034,British Airways
,,15,2231,British Airways
United Kingdom  (10),Germany (13),1,1958,Ryanair
(London Heathrow Airport),(Frankfurt Airport),2,1561,Ryanair
,,3,1431,Ryanair
,,4,1022,Ryanair
,,5,1431,Ryanair
,,6,1022,Ryanair
,,7,1687,Ryanair
,,8,1993,Ryanair
,,9,1993,Ryanair
,,10,1993,Ryanair
,,11,1687,Ryanair
,,12,1561,Ryanair
,,13,1561,Ryanair
,,14,1278,Ryanair
,,15,1278,Ryanair
United Kingdom  (10),Spain (14),1,3382,Ryanair
(London Heathrow Airport),(Madrid-Barajas Airport),2,2096,Ryanair
,,3,1738,Ryanair
,,4,1738,Ryanair
,,5,2044,Ryanair
,,6,2402,Ryanair
,,7,4651,Ryanair
,,8,3373,Ryanair
,,9,3373,Ryanair
,,10,2402,Ryanair
,,11,2862,Ryanair
,,12,1993,Ryanair
,,13,1738,Ryanair
,,14,1738,Ryanair
,,15,1738,Ryanair
United Kingdom  (10),New Zealand (15),1,No flights,No flights
(London Heathrow Airport),(Auckland Airport),2,No flights,No flights
,,3,No flights,No flights
,,4,No flights,No flights
,,5,No flights,No flights
,,6,No flights,No flights
,,7,No flights,No flights
,,8,No flights,No flights
,,9,No flights,No flights
,,10,No flights,No flights
,,11,No flights,No flights
,,12,No flights,No flights
,,13,No flights,No flights
,,14,No flights,No flights
,,15,No flights,No flights
France (11),Thailand (1),1,20403,Thai Airways
(Charles de Gaulle Airport),(Suvarnabhumi International Airport),2,19624,Thai Airways
,,3,19624,Thai Airways
,,4,20645,Thai Airways
,,5,20645,Thai Airways
,,6,22687,Thai Airways
,,7,23707,Thai Airways
,,8,30440,Thai Airways
,,9,30440,Thai Airways
,,10,21666,Thai Airways
,,11,19624,Thai Airways
,,12,20403,Thai Airways
,,13,19624,Thai Airways
,,14,20403,Thai Airways
,,15,20403,Thai Airways
France (11),Singapore (2),1,24691,Singapore Airlines
(Charles de Gaulle Airport),(Changi Airport),2,24691,Singapore Airlines
,,3,24691,Singapore Airlines
,,4,28942,Singapore Airlines
,,5,37223,Singapore Airlines
,,6,31763,Singapore Airlines
,,7,37105,Singapore Airlines
,,8,37105,Singapore Airlines
,,9,37272,Singapore Airlines
,,10,31646,Singapore Airlines
,,11,27139,Singapore Airlines
,,12,24574,Singapore Airlines
,,13,24589,Singapore Airlines
,,14,24589,Singapore Airlines
,,15,24589,Singapore Airlines
France (11),Malaysia (3),1,18940,Malaysia Airlines
(Charles de Gaulle Airport),(Kuala Lumpur International Airport ),2,18940,Malaysia Airlines
,,3,19466,Malaysia Airlines
,,4,20487,Malaysia Airlines
,,5,36224,Malaysia Airlines
,,6,36224,Malaysia Airlines
,,7,36224,Malaysia Airlines
,,8,37440,Malaysia Airlines
,,9,36224,Malaysia Airlines
,,10,36224,Malaysia Airlines
,,11,36224,Malaysia Airlines
,,12,19466,Malaysia Airlines
,,13,19466,Malaysia Airlines
,,14,18940,Malaysia Airlines
,,15,18940,Malaysia Airlines
France (11),Japan (4),1,29986,Japan Airlines
(Charles de Gaulle Airport),(Narita International Airport),2,32774,Japan Airlines
,,3,32774,Japan Airlines
,,4,36559,Japan Airlines
,,5,36559,Japan Airlines
,,6,39019,Japan Airlines
,,7,42574,Japan Airlines
,,8,39988,Japan Airlines
,,9,39988,Japan Airlines
,,10,39019,Japan Airlines
,,11,39988,Japan Airlines
,,12,32774,Japan Airlines
,,13,32774,Japan Airlines
,,14,32762,Japan Airlines
,,15,32774,Japan Airlines
France (11),South Korea  (5),1,21823,Asiana Airlines
(Charles de Gaulle Airport),(Incheon International Airport),2,21823,Asiana Airlines
,,3,23657,Asiana Airlines
,,4,23657,Asiana Airlines
,,5,23657,Asiana Airlines
,,6,23657,Asiana Airlines
,,7,23657,Asiana Airlines
,,8,23657,Asiana Airlines
,,9,23657,Asiana Airlines
,,10,23937,Asiana Airlines
,,11,23657,Asiana Airlines
,,12,21823,Asiana Airlines
,,13,21823,Asiana Airlines
,,14,21823,Asiana Airlines
,,15,21823,Asiana Airlines
France (11),China  (6),1,14804,Air China
(Charles de Gaulle Airport),(Beijing Capital International Airport),2,28528,Air China
,,3,36119,Air China
,,4,23026,Air China
,,5,36091,Air China
,,6,31687,Air China
,,7,31687,Air China
,,8,31828,Air China
,,9,31687,Air China
,,10,31687,Air China
,,11,29852,Air China
,,12,29852,Air China
,,13,29852,Air China
,,14,29852,Air China
,,15,23415,Air China
France (11),Hong kong  (7),1,37697,Cathay Pacific
(Charles de Gaulle Airport),(Hong kong International Airport),2,29501,Cathay Pacific
,,3,37560,Cathay Pacific
,,4,37359,Cathay Pacific
,,5,38086,Cathay Pacific
,,6,34115,Cathay Pacific
,,7,40015,Cathay Pacific
,,8,40015,Cathay Pacific
,,9,40015,Cathay Pacific
,,10,39738,Cathay Pacific
,,11,40015,Cathay Pacific
,,12,35458,Cathay Pacific
,,13,28755,Cathay Pacific
,,14,28755,Cathay Pacific
,,15,28755,Cathay Pacific
France (11),Australia (8),1,No flights,No flights
(Charles de Gaulle Airport),(Sydney International Airport ),2,No flights,No flights
,,3,No flights,No flights
,,4,No flights,No flights
,,5,No flights,No flights
,,6,No flights,No flights
,,7,No flights,No flights
,,8,No flights,No flights
,,9,No flights,No flights
,,10,No flights,No flights
,,11,No flights,No flights
,,12,No flights,No flights
,,13,No flights,No flights
,,14,No flights,No flights
,,15,No flights,No flights
France (11),United States of America  (9),1,11266,XL Airways France
(Charles de Gaulle Airport),(JFK International Airport),2,12743,XL Airways France
,,3,23819,XL Airways France
,,4,18613,XL Airways France
,,5,18613,XL Airways France
,,6,18613,XL Airways France
,,7,20932,XL Airways France
,,8,18613,XL Airways France
,,9,23819,XL Airways France
,,10,19603,XL Airways France
,,11,18613,XL Airways France
,,12,18613,XL Airways France
,,13,18613,XL Airways France
,,14,16193,XL Airways France
,,15,14213,XL Airways France
France (11),United Kingdom  (10),1,2809,British Airways
(Charles de Gaulle Airport),(London Heathrow Airport),2,3065,British Airways
,,3,2774,British Airways
,,4,2502,British Airways
,,5,3607,British Airways
,,6,3039,British Airways
,,7,1865,British Airways
,,8,2145,British Airways
,,9,2471,British Airways
,,10,1979,British Airways
,,11,1736,British Airways
,,12,1741,British Airways
,,13,1741,British Airways
,,14,1696,British Airways
,,15,1741,British Airways
France (11),Italy (12),1,2574,Air France
(Charles de Gaulle Airport),(Leonardo da Vinci Airport),2,2159,Air France
,,3,1839,Air France
,,4,2574,Air France
,,5,2159,Air France
,,6,2159,Air France
,,7,2575,Air France
,,8,1818,Air France
,,9,1818,Air France
,,10,2574,Air France
,,11,1818,Air France
,,12,1818,Air France
,,13,1515,Air France
,,14,1250,Air France
,,15,1250,Air France
France (11),Germany (13),1,3796,Air France
(Charles de Gaulle Airport),(Frankfurt Airport),2,2585,Air France
,,3,2585,Air France
,,4,3115,Air France
,,5,4402,Air France
,,6,4545,Air France
,,7,3216,Air France
,,8,3059,Air France
,,9,3216,Air France
,,10,2739,Air France
,,11,2408,Air France
,,12,2739,Air France
,,13,1681,Air France
,,14,2016,Air France
,,15,1638,Air France
France (11),Spain (14),1,3825,Air France
(Charles de Gaulle Airport),(Madrid-Barajas Airport),2,1932,Air France
,,3,1553,Air France
,,4,3181,Air France
,,5,3825,Air France
,,6,2651,Air France
,,7,2197,Air France
,,8,2197,Air France
,,9,2141,Air France
,,10,1771,Air France
,,11,1856,Air France
,,12,1856,Air France
,,13,1553,Air France
,,14,1553,Air France
,,15,1553,Air France
France (11),New Zealand (15),1,No flights,No flights
(Charles de Gaulle Airport),(Auckland Airport),2,No flights,No flights
,,3,No flights,No flights
,,4,No flights,No flights
,,5,No flights,No flights
,,6,No flights,No flights
,,7,No flights,No flights
,,8,No flights,No flights
,,9,No flights,No flights
,,10,No flights,No flights
,,11,No flights,No flights
,,12,No flights,No flights
,,13,No flights,No flights
,,14,No flights,No flights
,,15,No flights,No flights
Italy (12),Thailand (1),1,15817,Thai Airways
(Leonardo da Vinci Airport),(Suvarnabhumi International Airport),2,15817,Thai Airways
,,3,15817,Thai Airways
,,4,15817,Thai Airways
,,5,17655,Thai Airways
,,6,17655,Thai Airways
,,7,19084,Thai Airways
,,8,18417,Thai Airways
,,9,19084,Thai Airways
,,10,19084,Thai Airways
,,11,17655,Thai Airways
,,12,15817,Thai Airways
,,13,15817,Thai Airways
,,14,15817,Thai Airways
,,15,15817,Thai Airways
Italy (12),Singapore (2),1,20204,Singapore Airlines
(Leonardo da Vinci Airport),(Changi Airport),2,20204,Singapore Airlines
,,3,20204,Singapore Airlines
,,4,20204,Singapore Airlines
,,5,24059,Singapore Airlines
,,6,21489,Singapore Airlines
,,7,29132,Singapore Airlines
,,8,36837,Singapore Airlines
,,9,36837,Singapore Airlines
,,10,36837,Singapore Airlines
,,11,36837,Singapore Airlines
,,12,24279,Singapore Airlines
,,13,21422,Singapore Airlines
,,14,21422,Singapore Airlines
,,15,29222,Singapore Airlines
Italy (12),Malaysia (3),1,No flights,No flights
(Leonardo da Vinci Airport),(Kuala Lumpur International Airport ),2,No flights,No flights
,,3,No flights,No flights
,,4,No flights,No flights
,,5,No flights,No flights
,,6,No flights,No flights
,,7,No flights,No flights
,,8,No flights,No flights
,,9,No flights,No flights
,,10,No flights,No flights
,,11,No flights,No flights
,,12,No flights,No flights
,,13,No flights,No flights
,,14,No flights,No flights
,,15,No flights,No flights
Italy (12),Japan (4),1,56165,Alitalia
(Leonardo da Vinci Airport),(Narita International Airport),2,56165,Alitalia
,,3,56165,Alitalia
,,4,56165,Alitalia
,,5,56165,Alitalia
,,6,56165,Alitalia
,,7,56165,Alitalia
,,8,56165,Alitalia
,,9,56165,Alitalia
,,10,56165,Alitalia
,,11,55964,Alitalia
,,12,56165,Alitalia
,,13,55964,Alitalia
,,14,56165,Alitalia
,,15,55964,Alitalia
Italy (12),South Korea  (5),1,27707,Korean Air
(Leonardo da Vinci Airport),(Incheon International Airport),2,27707,Korean Air
,,3,27707,Korean Air
,,4,27707,Korean Air
,,5,27707,Korean Air
,,6,27707,Korean Air
,,7,30876,Korean Air
,,8,30876,Korean Air
,,9,30876,Korean Air
,,10,34853,Korean Air
,,11,27707,Korean Air
,,12,27707,Korean Air
,,13,27707,Korean Air
,,14,27707,Korean Air
,,15,27707,Korean Air
Italy (12),China  (6),1,27018,Air China
(Leonardo da Vinci Airport),(Beijing Capital International Airport),2,27018,Air China
,,3,27018,Air China
,,4,27018,Air China
,,5,27018,Air China
,,6,43531,Air China
,,7,36541,Air China
,,8,43405,Air China
,,9,29549,Air China
,,10,38074,Air China
,,11,29233,Air China
,,12,27018,Air China
,,13,27018,Air China
,,14,27018,Air China
,,15,27018,Air China
Italy (12),Hong kong  (7),1,24195,Alitalia
(Leonardo da Vinci Airport),(Hong kong International Airport),2,23465,Alitalia
,,3,24046,Alitalia
,,4,23932,Alitalia
,,5,29215,Alitalia
,,6,31120,Alitalia
,,7,30891,Alitalia
,,8,43022,Alitalia
,,9,39695,Alitalia
,,10,39366,Alitalia
,,11,37790,Alitalia
,,12,24195,Alitalia
,,13,24195,Alitalia
,,14,24195,Alitalia
,,15,24195,Alitalia
Italy (12),Australia (8),1,No flights,No flights
(Leonardo da Vinci Airport),(Sydney International Airport ),2,No flights,No flights
,,3,No flights,No flights
,,4,No flights,No flights
,,5,No flights,No flights
,,6,No flights,No flights
,,7,No flights,No flights
,,8,No flights,No flights
,,9,No flights,No flights
,,10,No flights,No flights
,,11,No flights,No flights
,,12,No flights,No flights
,,13,No flights,No flights
,,14,No flights,No flights
,,15,No flights,No flights
Italy (12),United States of America  (9),1,50756,Alitalia
(Leonardo da Vinci Airport),(JFK International Airport),2,50756,Alitalia
,,3,50756,Alitalia
,,4,50756,Alitalia
,,5,50756,Alitalia
,,6,50756,Alitalia
,,7,50756,Alitalia
,,8,45272,Alitalia
,,9,50756,Alitalia
,,10,49986,Alitalia
,,11,42599,Alitalia
,,12,40140,Alitalia
,,13,38628,Alitalia
,,14,50756,Alitalia
,,15,50756,Alitalia
Italy (12),United Kingdom  (10),1,4244,Alitalia
(Leonardo da Vinci Airport),(London Heathrow Airport),2,7031,Alitalia
,,3,7031,Alitalia
,,4,7031,Alitalia
,,5,7031,Alitalia
,,6,7031,Alitalia
,,7,5994,Alitalia
,,8,7031,Alitalia
,,9,6881,Alitalia
,,10,6881,Alitalia
,,11,6881,Alitalia
,,12,5772,Alitalia
,,13,5772,Alitalia
,,14,4513,Alitalia
,,15,3846,Alitalia
Italy (12),France (11),1,1778,Air France
(Leonardo da Vinci Airport),(Charles de Gaulle Airport),2,2157,Air France
,,3,1778,Air France
,,4,2111,Air France
,,5,1000,Air France
,,6,1258,Air France
,,7,1222,Air France
,,8,1481,Air France
,,9,1481,Air France
,,10,2518,Air France
,,11,2518,Air France
,,12,3592,Air France
,,13,1778,Air France
,,14,1222,Air France
,,15,1000,Air France
Italy (12),Germany (13),1,2249,Ryanair
(Leonardo da Vinci Airport),(Frankfurt Airport),2,2055,Ryanair
,,3,2055,Ryanair
,,4,2157,Ryanair
,,5,2157,Ryanair
,,6,2157,Ryanair
,,7,1798,Ryanair
,,8,2761,Ryanair
,,9,2833,Ryanair
,,10,2876,Ryanair
,,11,2157,Ryanair
,,12,2157,Ryanair
,,13,2157,Ryanair
,,14,1944,Ryanair
,,15,1611,Ryanair
Italy (12),Spain (14),1,6547,Vueling Airlines
(Leonardo da Vinci Airport),(Madrid-Barajas Airport),2,5148,Vueling Airlines
,,3,3000,Vueling Airlines
,,4,3592,Vueling Airlines
,,5,2518,Vueling Airlines
,,6,3111,Vueling Airlines
,,7,2555,Vueling Airlines
,,8,3740,Vueling Airlines
,,9,3111,Vueling Airlines
,,10,3740,Vueling Airlines
,,11,3740,Vueling Airlines
,,12,3111,Vueling Airlines
,,13,2555,Vueling Airlines
,,14,2518,Vueling Airlines
,,15,2518,Vueling Airlines
Italy (12),New Zealand (15),1,No flights,No flights
(Leonardo da Vinci Airport),(Auckland Airport),2,No flights,No flights
,,3,No flights,No flights
,,4,No flights,No flights
,,5,No flights,No flights
,,6,No flights,No flights
,,7,No flights,No flights
,,8,No flights,No flights
,,9,No flights,No flights
,,10,No flights,No flights
,,11,No flights,No flights
,,12,No flights,No flights
,,13,No flights,No flights
,,14,No flights,No flights
,,15,No flights,No flights
Germany (13),Thailand (1),1,16858,Thai Airways
(Frankfurt Airport),(Suvarnabhumi International Airport),2,16858,Thai Airways
,,3,16858,Thai Airways
,,4,16858,Thai Airways
,,5,16858,Thai Airways
,,6,18297,Thai Airways
,,7,19049,Thai Airways
,,8,19317,Thai Airways
,,9,21359,Thai Airways
,,10,21359,Thai Airways
,,11,19317,Thai Airways
,,12,18297,Thai Airways
,,13,16858,Thai Airways
,,14,16858,Thai Airways
,,15,16858,Thai Airways
Germany (13),Singapore (2),1,31954,Singapore Airlines
(Frankfurt Airport),(Changi Airport),2,36493,Singapore Airlines
,,3,36493,Singapore Airlines
,,4,38384,Singapore Airlines
,,5,38860,Singapore Airlines
,,6,38860,Singapore Airlines
,,7,39352,Singapore Airlines
,,8,39352,Singapore Airlines
,,9,39289,Singapore Airlines
,,10,38860,Singapore Airlines
,,11,38853,Singapore Airlines
,,12,38853,Singapore Airlines
,,13,38853,Singapore Airlines
,,14,27259,Singapore Airlines
,,15,38860,Singapore Airlines
Germany (13),Malaysia (3),1,27850,Lufthansa
(Frankfurt Airport),(Kuala Lumpur International Airport ),2,27850,Lufthansa
,,3,27850,Lufthansa
,,4,26945,Lufthansa
,,5,27850,Lufthansa
,,6,27850,Lufthansa
,,7,26945,Lufthansa
,,8,28234,Lufthansa
,,9,26945,Lufthansa
,,10,26945,Lufthansa
,,11,28234,Lufthansa
,,12,27850,Lufthansa
,,13,27850,Lufthansa
,,14,26945,Lufthansa
,,15,26945,Lufthansa
Germany (13),Japan (4),1,23787,Japan Airlines
(Frankfurt Airport),(Narita International Airport),2,25119,Japan Airlines
,,3,25499,Japan Airlines
,,4,26928,Japan Airlines
,,5,27957,Japan Airlines
,,6,37723,Japan Airlines
,,7,37723,Japan Airlines
,,8,37723,Japan Airlines
,,9,37723,Japan Airlines
,,10,32559,Japan Airlines
,,11,36355,Japan Airlines
,,12,28291,Japan Airlines
,,13,28291,Japan Airlines
,,14,28291,Japan Airlines
,,15,28291,Japan Airlines
Germany (13),South Korea  (5),1,26465,Asiana Airlines
(Frankfurt Airport),(Incheon International Airport),2,26465,Asiana Airlines
,,3,39614,Asiana Airlines
,,4,26465,Asiana Airlines
,,5,29757,Asiana Airlines
,,6,28291,Asiana Airlines
,,7,28291,Asiana Airlines
,,8,30595,Asiana Airlines
,,9,28291,Asiana Airlines
,,10,28291,Asiana Airlines
,,11,26465,Asiana Airlines
,,12,26465,Asiana Airlines
,,13,26465,Asiana Airlines
,,14,26465,Asiana Airlines
,,15,26465,Asiana Airlines
Germany (13),China  (6),1,25200,Air China
(Frankfurt Airport),(Beijing Capital International Airport),2,25200,Air China
,,3,22680,Air China
,,4,22680,Air China
,,5,15254,Air China
,,6,22680,Air China
,,7,25200,Air China
,,8,29484,Air China
,,9,29484,Air China
,,10,26614,Air China
,,11,29484,Air China
,,12,22680,Air China
,,13,22680,Air China
,,14,15254,Air China
,,15,15254,Air China
Germany (13),Hong kong  (7),1,17677,Cathay Pacific
(Frankfurt Airport),(Hong kong International Airport),2,17677,Cathay Pacific
,,3,23256,Cathay Pacific
,,4,20436,Cathay Pacific
,,5,19482,Cathay Pacific
,,6,20067,Cathay Pacific
,,7,23638,Cathay Pacific
,,8,21471,Cathay Pacific
,,9,21471,Cathay Pacific
,,10,34053,Cathay Pacific
,,11,20067,Cathay Pacific
,,12,20067,Cathay Pacific
,,13,18662,Cathay Pacific
,,14,18519,Cathay Pacific
,,15,18519,Cathay Pacific
Germany (13),Australia (8),1,No flights,No flights
(Frankfurt Airport),(Sydney International Airport ),2,No flights,No flights
,,3,No flights,No flights
,,4,No flights,No flights
,,5,No flights,No flights
,,6,No flights,No flights
,,7,No flights,No flights
,,8,No flights,No flights
,,9,No flights,No flights
,,10,No flights,No flights
,,11,No flights,No flights
,,12,No flights,No flights
,,13,No flights,No flights
,,14,No flights,No flights
,,15,No flights,No flights
Germany (13),United States of America  (9),1,26011,United Airlines
(Frankfurt Airport),(JFK International Airport),2,25307,United Airlines
,,3,25307,United Airlines
,,4,25307,United Airlines
,,5,25307,United Airlines
,,6,44252,United Airlines
,,7,45123,United Airlines
,,8,45123,United Airlines
,,9,45123,United Airlines
,,10,44262,United Airlines
,,11,45123,United Airlines
,,12,25307,United Airlines
,,13,25307,United Airlines
,,14,25307,United Airlines
,,15,25307,United Airlines
Germany (13),United Kingdom  (10),1,2576,Lufthansa
(Frankfurt Airport),(London Heathrow Airport),2,2576,Lufthansa
,,3,3611,Lufthansa
,,4,3537,Lufthansa
,,5,2703,Lufthansa
,,6,2370,Lufthansa
,,7,3045,Lufthansa
,,8,1889,Lufthansa
,,9,1889,Lufthansa
,,10,3297,Lufthansa
,,11,2259,Lufthansa
,,12,1889,Lufthansa
,,13,1593,Lufthansa
,,14,1637,Lufthansa
,,15,1889,Lufthansa
Germany (13),France (11),1,5040,Air France
(Frankfurt Airport),(Charles de Gaulle Airport),2,4129,Air France
,,3,4129,Air France
,,4,4463,Air France
,,5,3618,Air France
,,6,2963,Air France
,,7,3966,Air France
,,8,2743,Air France
,,9,2406,Air France
,,10,2406,Air France
,,11,3225,Air France
,,12,2743,Air France
,,13,3225,Air France
,,14,2129,Air France
,,15,2329,Air France
Germany (13),Italy (12),1,2426,Ryanair
(Frankfurt Airport),(Leonardo da Vinci Airport),2,2311,Ryanair
,,3,2426,Ryanair
,,4,2517,Ryanair
,,5,3236,Ryanair
,,6,1944,Ryanair
,,7,2696,Ryanair
,,8,2311,Ryanair
,,9,1852,Ryanair
,,10,2157,Ryanair
,,11,1926,Ryanair
,,12,1926,Ryanair
,,13,2876,Ryanair
,,14,1926,Ryanair
,,15,2241,Ryanair
Germany (13),Spain (14),1,3404,Air Europa
(Frankfurt Airport),(Madrid-Barajas Airport),2,3229,Air Europa
,,3,3229,Air Europa
,,4,6518,Air Europa
,,5,3926,Air Europa
,,6,3259,Air Europa
,,7,4925,Air Europa
,,8,4833,Air Europa
,,9,2815,Air Europa
,,10,3259,Air Europa
,,11,3926,Air Europa
,,12,3926,Air Europa
,,13,3259,Air Europa
,,14,2703,Air Europa
,,15,2259,Air Europa
Germany (13),New Zealand (15),1,No flights,No flights
(Frankfurt Airport),(Auckland Airport),2,No flights,No flights
,,3,No flights,No flights
,,4,No flights,No flights
,,5,No flights,No flights
,,6,No flights,No flights
,,7,No flights,No flights
,,8,No flights,No flights
,,9,No flights,No flights
,,10,No flights,No flights
,,11,No flights,No flights
,,12,No flights,No flights
,,13,No flights,No flights
,,14,No flights,No flights
,,15,No flights,No flights
Spain (14),Thailand (1),1,No flights,No flights
(Madrid-Barajas Airport),(Suvarnabhumi International Airport),2,No flights,No flights
,,3,No flights,No flights
,,4,No flights,No flights
,,5,No flights,No flights
,,6,No flights,No flights
,,7,No flights,No flights
,,8,No flights,No flights
,,9,No flights,No flights
,,10,No flights,No flights
,,11,No flights,No flights
,,12,No flights,No flights
,,13,No flights,No flights
,,14,No flights,No flights
,,15,No flights,No flights
Spain (14),Singapore (2),1,No flights,No flights
(Madrid-Barajas Airport),(Changi Airport),2,No flights,No flights
,,3,No flights,No flights
,,4,No flights,No flights
,,5,No flights,No flights
,,6,No flights,No flights
,,7,No flights,No flights
,,8,No flights,No flights
,,9,No flights,No flights
,,10,No flights,No flights
,,11,No flights,No flights
,,12,No flights,No flights
,,13,No flights,No flights
,,14,No flights,No flights
,,15,No flights,No flights
Spain (14),Malaysia (3),1,No flights,No flights
(Madrid-Barajas Airport),(Kuala Lumpur International Airport ),2,No flights,No flights
,,3,No flights,No flights
,,4,No flights,No flights
,,5,No flights,No flights
,,6,No flights,No flights
,,7,No flights,No flights
,,8,No flights,No flights
,,9,No flights,No flights
,,10,No flights,No flights
,,11,No flights,No flights
,,12,No flights,No flights
,,13,No flights,No flights
,,14,No flights,No flights
,,15,No flights,No flights
Spain (14),Japan (4),1,No flights,No flights
(Madrid-Barajas Airport),(Narita International Airport),2,No flights,No flights
,,3,No flights,No flights
,,4,No flights,No flights
,,5,No flights,No flights
,,6,No flights,No flights
,,7,No flights,No flights
,,8,No flights,No flights
,,9,No flights,No flights
,,10,No flights,No flights
,,11,No flights,No flights
,,12,No flights,No flights
,,13,No flights,No flights
,,14,No flights,No flights
,,15,No flights,No flights
Spain (14),South Korea  (5),1,No flights,No flights
(Madrid-Barajas Airport),(Incheon International Airport),2,No flights,No flights
,,3,No flights,No flights
,,4,No flights,No flights
,,5,No flights,No flights
,,6,No flights,No flights
,,7,No flights,No flights
,,8,No flights,No flights
,,9,No flights,No flights
,,10,No flights,No flights
,,11,No flights,No flights
,,12,No flights,No flights
,,13,No flights,No flights
,,14,No flights,No flights
,,15,No flights,No flights
Spain (14),China  (6),1,42532,Air China
(Madrid-Barajas Airport),(Beijing Capital International Airport),2,39778,Air China
,,3,46125,Air China
,,4,44221,Air China
,,5,49785,Air China
,,6,42532,Air China
,,7,38745,Air China
,,8,38012,Air China
,,9,46125,Air China
,,10,42532,Air China
,,11,39778,Air China
,,12,42532,Air China
,,13,43846,Air China
,,14,44221,Air China
,,15,49785,Air China
Spain (14),Hong kong  (7),1,No flights,No flights
(Madrid-Barajas Airport),(Hong kong International Airport),2,No flights,No flights
,,3,No flights,No flights
,,4,No flights,No flights
,,5,No flights,No flights
,,6,No flights,No flights
,,7,No flights,No flights
,,8,No flights,No flights
,,9,No flights,No flights
,,10,No flights,No flights
,,11,No flights,No flights
,,12,No flights,No flights
,,13,No flights,No flights
,,14,No flights,No flights
,,15,No flights,No flights
Spain (14),Australia (8),1,No flights,No flights
(Madrid-Barajas Airport),(Sydney International Airport ),2,No flights,No flights
,,3,No flights,No flights
,,4,No flights,No flights
,,5,No flights,No flights
,,6,No flights,No flights
,,7,No flights,No flights
,,8,No flights,No flights
,,9,No flights,No flights
,,10,No flights,No flights
,,11,No flights,No flights
,,12,No flights,No flights
,,13,No flights,No flights
,,14,No flights,No flights
,,15,No flights,No flights
Spain (14),United States of America  (9),1,29716,Finnair
(Madrid-Barajas Airport),(JFK International Airport),2,31126,Finnair
,,3,31831,Finnair
,,4,43669,Finnair
,,5,41475,Finnair
,,6,45468,Finnair
,,7,41475,Finnair
,,8,45468,Finnair
,,9,45468,Finnair
,,10,45468,Finnair
,,11,44885,Finnair
,,12,41475,Finnair
,,13,31831,Finnair
,,14,31831,Finnair
,,15,29606,Finnair
Spain (14),United Kingdom  (10),1,2852,Ryanair
(Madrid-Barajas Airport),(London Heathrow Airport),2,3407,Ryanair
,,3,3812,Ryanair
,,4,2852,Ryanair
,,5,2852,Ryanair
,,6,2037,Ryanair
,,7,2037,Ryanair
,,8,1704,Ryanair
,,9,2948,Ryanair
,,10,2444,Ryanair
,,11,2963,Ryanair
,,12,3555,Ryanair
,,13,3555,Ryanair
,,14,1333,Ryanair
,,15,1704,Ryanair
Spain (14),France (11),1,1889,easyJet
(Madrid-Barajas Airport),(Charles de Gaulle Airport),2,2148,easyJet
,,3,2592,easyJet
,,4,2148,easyJet
,,5,1518,easyJet
,,6,1259,easyJet
,,7,1782,easyJet
,,8,1782,easyJet
,,9,1815,easyJet
,,10,1518,easyJet
,,11,2592,easyJet
,,12,2592,easyJet
,,13,2592,easyJet
,,14,1259,easyJet
,,15,1259,easyJet
Spain (14),Italy (12),1,1798,Vueling Airlines
(Madrid-Barajas Airport),(Leonardo da Vinci Airport),2,3592,Vueling Airlines
,,3,2518,Vueling Airlines
,,4,2111,Vueling Airlines
,,5,1778,Vueling Airlines
,,6,1481,Vueling Airlines
,,7,1741,Vueling Airlines
,,8,2111,Vueling Airlines
,,9,2555,Vueling Airlines
,,10,2111,Vueling Airlines
,,11,2555,Vueling Airlines
,,12,2893,Vueling Airlines
,,13,2555,Vueling Airlines
,,14,1407,Vueling Airlines
,,15,1222,Vueling Airlines
Spain (14),Germany (13),1,2955,Lufthansa
(Madrid-Barajas Airport),(Frankfurt Airport),2,2703,Lufthansa
,,3,2955,Lufthansa
,,4,2703,Lufthansa
,,5,3148,Lufthansa
,,6,2703,Lufthansa
,,7,2214,Lufthansa
,,8,2333,Lufthansa
,,9,4666,Lufthansa
,,10,3407,Lufthansa
,,11,3370,Lufthansa
,,12,2481,Lufthansa
,,13,2703,Lufthansa
,,14,2259,Lufthansa
,,15,1889,Lufthansa
Spain (14),New Zealand (15),1,No flights,No flights
(Madrid-Barajas Airport),(Auckland Airport),2,No flights,No flights
,,3,No flights,No flights
,,4,No flights,No flights
,,5,No flights,No flights
,,6,No flights,No flights
,,7,No flights,No flights
,,8,No flights,No flights
,,9,No flights,No flights
,,10,No flights,No flights
,,11,No flights,No flights
,,12,No flights,No flights
,,13,No flights,No flights
,,14,No flights,No flights
,,15,No flights,No flights
New Zealand (15),Thailand (1),1,No flights,No flights
(Auckland Airport),(Suvarnabhumi International Airport),2,No flights,No flights
,,3,No flights,No flights
,,4,No flights,No flights
,,5,No flights,No flights
,,6,No flights,No flights
,,7,No flights,No flights
,,8,No flights,No flights
,,9,No flights,No flights
,,10,No flights,No flights
,,11,No flights,No flights
,,12,No flights,No flights
,,13,No flights,No flights
,,14,No flights,No flights
,,15,No flights,No flights
New Zealand (15),Singapore (2),1,22385,Air New Zealand
(Auckland Airport),(Changi Airport),2,22385,Air New Zealand
,,3,22385,Air New Zealand
,,4,23638,Air New Zealand
,,5,28525,Air New Zealand
,,6,15745,Air New Zealand
,,7,15745,Air New Zealand
,,8,15745,Air New Zealand
,,9,18876,Air New Zealand
,,10,17623,Air New Zealand
,,11,15745,Air New Zealand
,,12,17623,Air New Zealand
,,13,17623,Air New Zealand
,,14,15745,Air New Zealand
,,15,17623,Air New Zealand
New Zealand (15),Malaysia (3),1,20277,Malaysia Airlines
(Auckland Airport),(Kuala Lumpur International Airport ),2,30119,Malaysia Airlines
,,3,20277,Malaysia Airlines
,,4,30119,Malaysia Airlines
,,5,34190,Malaysia Airlines
,,6,20630,Malaysia Airlines
,,7,20283,Malaysia Airlines
,,8,20283,Malaysia Airlines
,,9,20283,Malaysia Airlines
,,10,20283,Malaysia Airlines
,,11,20630,Malaysia Airlines
,,12,31753,Malaysia Airlines
,,13,20283,Malaysia Airlines
,,14,20283,Malaysia Airlines
,,15,30125,Malaysia Airlines
New Zealand (15),Japan (4),1,22075,Air New Zealand
(Auckland Airport),(Narita International Airport),2,22017,Air New Zealand
,,3,22017,Air New Zealand
,,4,23223,Air New Zealand
,,5,24389,Air New Zealand
,,6,14938,Air New Zealand
,,7,14938,Air New Zealand
,,8,14938,Air New Zealand
,,9,26845,Air New Zealand
,,10,22024,Air New Zealand
,,11,22081,Air New Zealand
,,12,23229,Air New Zealand
,,13,22024,Air New Zealand
,,14,22024,Air New Zealand
,,15,22024,Air New Zealand
New Zealand (15),South Korea  (5),1,28694,Korean Air
(Auckland Airport),(Incheon International Airport),2,29191,Korean Air
,,3,29645,Korean Air
,,4,37621,Korean Air
,,5,35560,Korean Air
,,6,29198,Korean Air
,,7,29198,Korean Air
,,8,29198,Korean Air
,,9,28653,Korean Air
,,10,29198,Korean Air
,,11,31996,Korean Air
,,12,29198,Korean Air
,,13,29198,Korean Air
,,14,29198,Korean Air
,,15,29198,Korean Air
New Zealand (15),China  (6),1,No flights,No flights
(Auckland Airport),(Beijing Capital International Airport),2,No flights,No flights
,,3,No flights,No flights
,,4,No flights,No flights
,,5,No flights,No flights
,,6,No flights,No flights
,,7,No flights,No flights
,,8,No flights,No flights
,,9,No flights,No flights
,,10,No flights,No flights
,,11,No flights,No flights
,,12,No flights,No flights
,,13,No flights,No flights
,,14,No flights,No flights
,,15,No flights,No flights
New Zealand (15),Hong kong  (7),1,22017,Air New Zealand
(Auckland Airport),(Hong kong International Airport),2,22017,Air New Zealand
,,3,22017,Air New Zealand
,,4,22017,Air New Zealand
,,5,22024,Air New Zealand
,,6,14897,Air New Zealand
,,7,14938,Air New Zealand
,,8,14938,Air New Zealand
,,9,21926,Air New Zealand
,,10,22024,Air New Zealand
,,11,22024,Air New Zealand
,,12,21960,Air New Zealand
,,13,22024,Air New Zealand
,,14,22024,Air New Zealand
,,15,22024,Air New Zealand
New Zealand (15),Australia (8),1,4670,Virgin Australia
(Auckland Airport),(Sydney International Airport ),2,3678,Virgin Australia
,,3,3678,Virgin Australia
,,4,4433,Virgin Australia
,,5,5800,Virgin Australia
,,6,5285,Virgin Australia
,,7,3684,Virgin Australia
,,8,3684,Virgin Australia
,,9,3684,Virgin Australia
,,10,3684,Virgin Australia
,,11,3684,Virgin Australia
,,12,3684,Virgin Australia
,,13,3684,Virgin Australia
,,14,3684,Virgin Australia
,,15,3684,Virgin Australia
New Zealand (15),United States of America  (9),1,34519,United Airlines
(Auckland Airport),(JFK International Airport),2,24876,United Airlines
,,3,26082,United Airlines
,,4,29698,United Airlines
,,5,27293,United Airlines
,,6,21266,United Airlines
,,7,21266,United Airlines
,,8,16920,United Airlines
,,9,18883,United Airlines
,,10,16952,United Airlines
,,11,16952,United Airlines
,,12,16952,United Airlines
,,13,16952,United Airlines
,,14,16920,United Airlines
,,15,16952,United Airlines
New Zealand (15),United Kingdom  (10),1,No flights,No flights
(Auckland Airport),(London Heathrow Airport),2,No flights,No flights
,,3,No flights,No flights
,,4,No flights,No flights
,,5,No flights,No flights
,,6,No flights,No flights
,,7,No flights,No flights
,,8,No flights,No flights
,,9,No flights,No flights
,,10,No flights,No flights
,,11,No flights,No flights
,,12,No flights,No flights
,,13,No flights,No flights
,,14,No flights,No flights
,,15,No flights,No flights
New Zealand (15),France (11),1,No flights,No flights
(Auckland Airport),(Charles de Gaulle Airport),2,No flights,No flights
,,3,No flights,No flights
,,4,No flights,No flights
,,5,No flights,No flights
,,6,No flights,No flights
,,7,No flights,No flights
,,8,No flights,No flights
,,9,No flights,No flights
,,10,No flights,No flights
,,11,No flights,No flights
,,12,No flights,No flights
,,13,No flights,No flights
,,14,No flights,No flights
,,15,No flights,No flights
New Zealand (15),Italy (12),1,No flights,No flights
(Auckland Airport),(Leonardo da Vinci Airport),2,No flights,No flights
,,3,No flights,No flights
,,4,No flights,No flights
,,5,No flights,No flights
,,6,No flights,No flights
,,7,No flights,No flights
,,8,No flights,No flights
,,9,No flights,No flights
,,10,No flights,No flights
,,11,No flights,No flights
,,12,No flights,No flights
,,13,No flights,No flights
,,14,No flights,No flights
,,15,No flights,No flights
New Zealand (15),Germany (13),1,No flights,No flights
(Auckland Airport),(Frankfurt Airport),2,No flights,No flights
,,3,No flights,No flights
,,4,No flights,No flights
,,5,No flights,No flights
,,6,No flights,No flights
,,7,No flights,No flights
,,8,No flights,No flights
,,9,No flights,No flights
,,10,No flights,No flights
,,11,No flights,No flights
,,12,No flights,No flights
,,13,No flights,No flights
,,14,No flights,No flights
,,15,No flights,No flights
New Zealand (15),Spain (14),1,No flights,No flights
(Auckland Airport),(Madrid-Barajas Airport),2,No flights,No flights
,,3,No flights,No flights
,,4,No flights,No flights
,,5,No flights,No flights
,,6,No flights,No flights
,,7,No flights,No flights
,,8,No flights,No flights
,,9,No flights,No flights
,,10,No flights,No flights
,,11,No flights,No flights
,,12,No flights,No flights
,,13,No flights,No flights
,,14,No flights,No flights
,,15,No flights,No flights